{"type":"FeatureCollection","features":[{"type":"Feature","id":112,"geometry":{"type":"Point","coordinates":[-87.48831785,33.1899356700001]},"properties":{"FID":112,"OBJECTID":112,"ID":"0004535401","NAME":"TUSCALOOSA VA MEDICAL CENTER","ADDRESS":"3701 LOOP ROAD EAST","CITY":"TUSCALOOSA","STATE":"AL","ZIP":"35404","ZIP4":"NOT AVAILABLE","TELEPHONE":"(205) 554-2000","TYPE":"MILITARY","STATUS":"OPEN","POPULATION":-999,"COUNTY":"TUSCALOOSA","COUNTYFIPS":"01125","COUNTRY":"USA","LATITUDE":33.18993567,"LONGITUDE":-87.48831785,"NAICS_CODE":"622110","NAICS_DESC":"GENERAL MEDICAL AND SURGICAL HOSPITALS","SOURCE":"https://dph1.adph.state.al.us/FacilitiesDirectoryReports/Reports/ReportDirectoryExcelExport-2021-10-19-1245007191115.xls","SOURCEDATE":1634601600000,"VAL_METHOD":"IMAGERY/OTHER","VAL_DATE":1432080000000,"WEBSITE":"NOT AVAILABLE","STATE_ID":"H6309","ALT_NAME":"NOT AVAILABLE","ST_FIPS":"01","OWNER":"NOT AVAILABLE","TTL_STAFF":-999,"BEDS":-999,"TRAUMA":"NOT AVAILABLE","HELIPAD":"N"}},{"type":"Feature","id":170,"geometry":{"type":"Point","coordinates":[-110.96493489,32.18123222]},"properties":{"FID":170,"OBJECTID":171,"ID":"0000285723","NAME":"HOSPITAL - 6TH AVENUE","ADDRESS":"3601 S 6TH AVE","CITY":"TUCSON","STATE":"AZ","ZIP":"85713","ZIP4":"NOT AVAILABLE","TELEPHONE":"(520) 792-1450","TYPE":"MILITARY","STATUS":"OPEN","POPULATION":-999,"COUNTY":"PIMA","COUNTYFIPS":"04019","COUNTRY":"USA","LATITUDE":32.18123222,"LONGITUDE":-110.96493489,"NAICS_CODE":"622110","NAICS_DESC":"GENERAL MEDICAL AND SURGICAL HOSPITALS","SOURCE":"https://www.azdhs.gov/documents/licensing/databases/medical_list.xls","SOURCEDATE":1612742400000,"VAL_METHOD":"IMAGERY/OTHER","VAL_DATE":1431475200000,"WEBSITE":"NOT AVAILABLE","STATE_ID":"MED3085","ALT_NAME":"NOT AVAILABLE","ST_FIPS":"04","OWNER":"GOVERNMENT - FEDERAL","TTL_STAFF":-999,"BEDS":-999,"TRAUMA":"NOT AVAILABLE","HELIPAD":"Y"}},{"type":"Feature","id":561,"geometry":{"type":"Point","coordinates":[-104.974143,39.6704232000001]},"properties":{"FID":561,"OBJECTID":964,"ID":"0196784406","NAME":"VA HOSPITAL","ADDRESS":"2535 S DOWNING ST, SUITE 380","CITY":"DENVER","STATE":"CO","ZIP":"80210","ZIP4":"NOT AVAILABLE","TELEPHONE":"(303) 778-5671","TYPE":"MILITARY","STATUS":"OPEN","POPULATION":-999,"COUNTY":"DENVER","COUNTYFIPS":"08031","COUNTRY":"USA","LATITUDE":39.6704232,"LONGITUDE":-104.974143,"NAICS_CODE":"622110","NAICS_DESC":"GENERAL MEDICAL AND SURGICAL HOSPITALS","SOURCE":"https://cdphe.colorado.gov/find-and-compare-facilities","SOURCEDATE":1631318400000,"VAL_METHOD":"IMAGERY/OTHER","VAL_DATE":1648771200000,"WEBSITE":"NOT AVAILABLE","STATE_ID":"TC0005","ALT_NAME":"NOT AVAILABLE","ST_FIPS":"08","OWNER":"NOT AVAILABLE","TTL_STAFF":-999,"BEDS":-999,"TRAUMA":"NOT AVAILABLE","HELIPAD":"Y"}},{"type":"Feature","id":666,"geometry":{"type":"Point","coordinates":[-103.1314526,38.07475319]},"properties":{"FID":666,"OBJECTID":1069,"ID":"0196784416","NAME":"VA HOSPITAL","ADDRESS":"30999 CO RD 15","CITY":"LAS ANIMAS","STATE":"CO","ZIP":"81054","ZIP4":"NOT AVAILABLE","TELEPHONE":"NOT AVAILABLE","TYPE":"MILITARY","STATUS":"OPEN","POPULATION":-999,"COUNTY":"BENT","COUNTYFIPS":"08011","COUNTRY":"USA","LATITUDE":38.07475319,"LONGITUDE":-103.1314526,"NAICS_CODE":"622110","NAICS_DESC":"GENERAL MEDICAL AND SURGICAL HOSPITALS","SOURCE":"https://cdphe.colorado.gov/find-and-compare-facilities","SOURCEDATE":1631318400000,"VAL_METHOD":"IMAGERY/OTHER","VAL_DATE":1648771200000,"WEBSITE":"https://www.coloradocoalition.org/fortlyon","STATE_ID":"COM0I4","ALT_NAME":"NOT AVAILABLE","ST_FIPS":"08","OWNER":"NOT AVAILABLE","TTL_STAFF":-999,"BEDS":-999,"TRAUMA":"NOT AVAILABLE","HELIPAD":"N"}},{"type":"Feature","id":667,"geometry":{"type":"Point","coordinates":[-104.93648196,39.7320120100001]},"properties":{"FID":667,"OBJECTID":1070,"ID":"0174380220","NAME":"VA HOSPITAL","ADDRESS":"1055 CLERMONT ST","CITY":"DENVER","STATE":"CO","ZIP":"80220","ZIP4":"NOT AVAILABLE","TELEPHONE":"NOT AVAILABLE","TYPE":"MILITARY","STATUS":"OPEN","POPULATION":-999,"COUNTY":"DENVER","COUNTYFIPS":"08031","COUNTRY":"USA","LATITUDE":39.73201201,"LONGITUDE":-104.93648196,"NAICS_CODE":"622110","NAICS_DESC":"GENERAL MEDICAL AND SURGICAL HOSPITALS","SOURCE":"https://cdphe.colorado.gov/find-and-compare-facilities","SOURCEDATE":1631318400000,"VAL_METHOD":"IMAGERY/OTHER","VAL_DATE":1648771200000,"WEBSITE":"NOT AVAILABLE","STATE_ID":"COPSL8","ALT_NAME":"NOT AVAILABLE","ST_FIPS":"08","OWNER":"NOT AVAILABLE","TTL_STAFF":-999,"BEDS":-999,"TRAUMA":"NOT AVAILABLE","HELIPAD":"N"}},{"type":"Feature","id":729,"geometry":{"type":"Point","coordinates":[-88.4535777999999,33.6257558]},"properties":{"FID":729,"OBJECTID":1133,"ID":"0196784422","NAME":"14TH MEDICAL GROUP","ADDRESS":"201 INDEPENDENCE DRIVE, SUITE 101","CITY":"COLUMBUS","STATE":"MS","ZIP":"39710","ZIP4":"5300","TELEPHONE":"(662) 434-2273","TYPE":"MILITARY","STATUS":"OPEN","POPULATION":-999,"COUNTY":"LOWNDES","COUNTYFIPS":"28087","COUNTRY":"USA","LATITUDE":33.6257558,"LONGITUDE":-88.4535778,"NAICS_CODE":"622110","NAICS_DESC":"GENERAL MEDICAL AND SURGICAL HOSPITALS","SOURCE":"https://tricare.mil/finddoctor/mtf","SOURCEDATE":1638403200000,"VAL_METHOD":"IMAGERY/OTHER","VAL_DATE":1648771200000,"WEBSITE":"https://columbus.tricare.mil/","STATE_ID":"55","ALT_NAME":"COLUMBUS AIR FORCE BASE","ST_FIPS":"28","OWNER":"GOVERNMENT - FEDERAL","TTL_STAFF":-999,"BEDS":-999,"TRAUMA":"NOT AVAILABLE","HELIPAD":"N"}},{"type":"Feature","id":730,"geometry":{"type":"Point","coordinates":[-157.95852789,21.3394511400001]},"properties":{"FID":730,"OBJECTID":1134,"ID":"0196784423","NAME":"15TH MEDICAL GROUP","ADDRESS":"755 SCOTT CIRCLE","CITY":"HICKAM AFB","STATE":"HI","ZIP":"96853","ZIP4":"5399","TELEPHONE":"(888) 683-2778","TYPE":"MILITARY","STATUS":"OPEN","POPULATION":-999,"COUNTY":"HONOLULU","COUNTYFIPS":"15003","COUNTRY":"USA","LATITUDE":21.33945114,"LONGITUDE":-157.95852789,"NAICS_CODE":"622110","NAICS_DESC":"GENERAL MEDICAL AND SURGICAL HOSPITALS","SOURCE":"https://tricare.mil/finddoctor/mtf","SOURCEDATE":1638403200000,"VAL_METHOD":"IMAGERY/OTHER","VAL_DATE":1648771200000,"WEBSITE":"https://pearlharborhickam.tricare.mil/","STATE_ID":"191","ALT_NAME":"JOINT BASE PEARL HARBOR - HICKAM","ST_FIPS":"15","OWNER":"GOVERNMENT - FEDERAL","TTL_STAFF":-999,"BEDS":-999,"TRAUMA":"NOT AVAILABLE","HELIPAD":"N"}},{"type":"Feature","id":731,"geometry":{"type":"Point","coordinates":[-92.14981865,34.8956635600001]},"properties":{"FID":731,"OBJECTID":1136,"ID":"0196784425","NAME":"19TH MEDICAL GROUP","ADDRESS":"1090 ARNOLD DRIVE","CITY":"LITTLE ROCK AFB","STATE":"AR","ZIP":"72099","ZIP4":"4933","TELEPHONE":"(501) 987-1285","TYPE":"MILITARY","STATUS":"OPEN","POPULATION":-999,"COUNTY":"PULASKI","COUNTYFIPS":"05119","COUNTRY":"USA","LATITUDE":34.89566356,"LONGITUDE":-92.14981865,"NAICS_CODE":"622110","NAICS_DESC":"GENERAL MEDICAL AND SURGICAL HOSPITALS","SOURCE":"https://tricare.mil/finddoctor/mtf","SOURCEDATE":1638403200000,"VAL_METHOD":"IMAGERY/OTHER","VAL_DATE":1648771200000,"WEBSITE":"https://littlerock.tricare.mil/","STATE_ID":"86","ALT_NAME":"LITTLE ROCK AIR FORCE BASE","ST_FIPS":"05","OWNER":"GOVERNMENT - FEDERAL","TTL_STAFF":-999,"BEDS":-999,"TRAUMA":"NOT AVAILABLE","HELIPAD":"N"}},{"type":"Feature","id":732,"geometry":{"type":"Point","coordinates":[-86.6810169999999,30.4194026000001]},"properties":{"FID":732,"OBJECTID":1137,"ID":"0196784426","NAME":"1ST SPECIAL OPERATIONS MEDICAL GROUP - HURLBURT FIELD","ADDRESS":"113 LIELMANIS AVE","CITY":"HURLBURT FIELD","STATE":"FL","ZIP":"32544","ZIP4":"5600","TELEPHONE":"(850) 881-1020","TYPE":"MILITARY","STATUS":"OPEN","POPULATION":-999,"COUNTY":"OKALOOSA","COUNTYFIPS":"12091","COUNTRY":"USA","LATITUDE":30.4194026,"LONGITUDE":-86.681017,"NAICS_CODE":"622110","NAICS_DESC":"GENERAL MEDICAL AND SURGICAL HOSPITALS","SOURCE":"https://tricare.mil/finddoctor/mtf","SOURCEDATE":1638403200000,"VAL_METHOD":"IMAGERY/OTHER","VAL_DATE":1648771200000,"WEBSITE":"https://hurlburt.tricare.mil/","STATE_ID":"59","ALT_NAME":"HURLBURT FIELD","ST_FIPS":"12","OWNER":"GOVERNMENT - FEDERAL","TTL_STAFF":-999,"BEDS":-999,"TRAUMA":"NOT AVAILABLE","HELIPAD":"N"}},{"type":"Feature","id":733,"geometry":{"type":"Point","coordinates":[-80.4889838999999,33.9708044000001]},"properties":{"FID":733,"OBJECTID":1138,"ID":"0196784427","NAME":"20TH MEDICAL GROUP","ADDRESS":"431 MEADOWLARK STREET","CITY":"SHAW AFB","STATE":"SC","ZIP":"29152","ZIP4":"5019","TELEPHONE":"(803) 895-2273","TYPE":"MILITARY","STATUS":"OPEN","POPULATION":-999,"COUNTY":"SUMTER","COUNTYFIPS":"45085","COUNTRY":"USA","LATITUDE":33.9708044,"LONGITUDE":-80.4889839,"NAICS_CODE":"622110","NAICS_DESC":"GENERAL MEDICAL AND SURGICAL HOSPITALS","SOURCE":"https://tricare.mil/finddoctor/mtf","SOURCEDATE":1638403200000,"VAL_METHOD":"IMAGERY/OTHER","VAL_DATE":1648771200000,"WEBSITE":"https://shaw.tricare.mil/","STATE_ID":"101","ALT_NAME":"SHAW AIR FORCE BASE","ST_FIPS":"45","OWNER":"GOVERNMENT - FEDERAL","TTL_STAFF":-999,"BEDS":-999,"TRAUMA":"NOT AVAILABLE","HELIPAD":"N"}},{"type":"Feature","id":734,"geometry":{"type":"Point","coordinates":[-97.24611967,37.6324176000001]},"properties":{"FID":734,"OBJECTID":1140,"ID":"0196784429","NAME":"22D MEDICAL GROUP","ADDRESS":"57950 LEAVENWORTH STREET, BUILDING 250","CITY":"MCCONNELL AFB","STATE":"KS","ZIP":"67221","ZIP4":"3506","TELEPHONE":"(316) 759-6300","TYPE":"MILITARY","STATUS":"OPEN","POPULATION":-999,"COUNTY":"SEDGWICK","COUNTYFIPS":"20173","COUNTRY":"USA","LATITUDE":37.6324176,"LONGITUDE":-97.24611967,"NAICS_CODE":"622110","NAICS_DESC":"GENERAL MEDICAL AND SURGICAL HOSPITALS","SOURCE":"https://tricare.mil/finddoctor/mtf","SOURCEDATE":1638403200000,"VAL_METHOD":"IMAGERY/OTHER","VAL_DATE":1648771200000,"WEBSITE":"https://mcconnell.tricare.mil/","STATE_ID":"136","ALT_NAME":"MCCONNELL AIR FORCE BASE","ST_FIPS":"20","OWNER":"GOVERNMENT - FEDERAL","TTL_STAFF":-999,"BEDS":-999,"TRAUMA":"NOT AVAILABLE","HELIPAD":"N"}},{"type":"Feature","id":735,"geometry":{"type":"Point","coordinates":[-83.2072927199999,30.9765612200001]},"properties":{"FID":735,"OBJECTID":1141,"ID":"0196784430","NAME":"23D MEDICAL GROUP","ADDRESS":"3278 MITCHELL BOULEVARD","CITY":"MOODY AIR FORCE BASE","STATE":"GA","ZIP":"31699","ZIP4":"1500","TELEPHONE":"(229) 257-2778","TYPE":"MILITARY","STATUS":"OPEN","POPULATION":-999,"COUNTY":"LOWNDES","COUNTYFIPS":"13185","COUNTRY":"USA","LATITUDE":30.97656122,"LONGITUDE":-83.20729272,"NAICS_CODE":"622110","NAICS_DESC":"GENERAL MEDICAL AND SURGICAL HOSPITALS","SOURCE":"https://tricare.mil/finddoctor/mtf","SOURCEDATE":1638403200000,"VAL_METHOD":"IMAGERY/OTHER","VAL_DATE":1648771200000,"WEBSITE":"https://moody.tricare.mil/","STATE_ID":"96","ALT_NAME":"MOODY AIR FORCE BASE","ST_FIPS":"13","OWNER":"GOVERNMENT - FEDERAL","TTL_STAFF":-999,"BEDS":-999,"TRAUMA":"NOT AVAILABLE","HELIPAD":"N"}},{"type":"Feature","id":736,"geometry":{"type":"Point","coordinates":[-103.32853292,34.4019124800001]},"properties":{"FID":736,"OBJECTID":1142,"ID":"0196784431","NAME":"27TH SPECIAL OPERATIONS MEDICAL GROUP - CANNON AIR FORCE BASE MEDICAL FACILITY","ADDRESS":"208 WEST DL INGRAM AVE","CITY":"CANNON AFB","STATE":"NM","ZIP":"88103","ZIP4":"5014","TELEPHONE":"(575) 784-2778","TYPE":"MILITARY","STATUS":"OPEN","POPULATION":-999,"COUNTY":"CURRY","COUNTYFIPS":"35009","COUNTRY":"USA","LATITUDE":34.40191248,"LONGITUDE":-103.32853292,"NAICS_CODE":"622110","NAICS_DESC":"GENERAL MEDICAL AND SURGICAL HOSPITALS","SOURCE":"https://tricare.mil/finddoctor/mtf","SOURCEDATE":1638403200000,"VAL_METHOD":"IMAGERY/OTHER","VAL_DATE":1648771200000,"WEBSITE":"https://cannon.tricare.mil/","STATE_ID":"119","ALT_NAME":"CANNON AIR FORCE BASE","ST_FIPS":"35","OWNER":"GOVERNMENT - FEDERAL","TTL_STAFF":-999,"BEDS":-999,"TRAUMA":"NOT AVAILABLE","HELIPAD":"N"}},{"type":"Feature","id":737,"geometry":{"type":"Point","coordinates":[-103.0726056,44.1473989]},"properties":{"FID":737,"OBJECTID":1143,"ID":"0196784432","NAME":"28TH MEDICAL GROUP","ADDRESS":"2900 DOOLITTLE DRIVE","CITY":"ELLSWORTH AFB","STATE":"SD","ZIP":"57706","ZIP4":"4821","TELEPHONE":"(605) 385-6700","TYPE":"MILITARY","STATUS":"OPEN","POPULATION":-999,"COUNTY":"MEADE","COUNTYFIPS":"46093","COUNTRY":"USA","LATITUDE":44.1473989,"LONGITUDE":-103.0726056,"NAICS_CODE":"622110","NAICS_DESC":"GENERAL MEDICAL AND SURGICAL HOSPITALS","SOURCE":"https://tricare.mil/finddoctor/mtf","SOURCEDATE":1638403200000,"VAL_METHOD":"IMAGERY/OTHER","VAL_DATE":1648771200000,"WEBSITE":"https://eielson.tricare.mil/","STATE_ID":"125","ALT_NAME":"ELLSWORTH AIR FORCE BASE","ST_FIPS":"46","OWNER":"GOVERNMENT - FEDERAL","TTL_STAFF":-999,"BEDS":-999,"TRAUMA":"NOT AVAILABLE","HELIPAD":"N"}},{"type":"Feature","id":738,"geometry":{"type":"Point","coordinates":[-93.6805103,32.4914255]},"properties":{"FID":738,"OBJECTID":1144,"ID":"0196784433","NAME":"2ND MEDICAL GROUP","ADDRESS":"243 CURTISS ROAD, SUITE 100","CITY":"BARKSDALE AFB","STATE":"LA","ZIP":"71110","ZIP4":"2425","TELEPHONE":"(318) 456-6555","TYPE":"MILITARY","STATUS":"OPEN","POPULATION":-999,"COUNTY":"BOSSIER","COUNTYFIPS":"22015","COUNTRY":"USA","LATITUDE":32.4914255,"LONGITUDE":-93.6805103,"NAICS_CODE":"622110","NAICS_DESC":"GENERAL MEDICAL AND SURGICAL HOSPITALS","SOURCE":"https://tricare.mil/finddoctor/mtf","SOURCEDATE":1638403200000,"VAL_METHOD":"IMAGERY/OTHER","VAL_DATE":1648771200000,"WEBSITE":"https://barksdale.tricare.mil/","STATE_ID":"NOT AVAILABLE","ALT_NAME":"BARKSDALE AFB","ST_FIPS":"22","OWNER":"GOVERNMENT - FEDERAL","TTL_STAFF":-999,"BEDS":-999,"TRAUMA":"NOT AVAILABLE","HELIPAD":"N"}},{"type":"Feature","id":739,"geometry":{"type":"Point","coordinates":[-82.15805095,33.42351282]},"properties":{"FID":739,"OBJECTID":1145,"ID":"0196784434","NAME":"30TH ADJUTANT GENERAL RECEPTION BATTALION - TMC 4","ADDRESS":"7950 MARTIN LOOP","CITY":"FORT BENNING","STATE":"GA","ZIP":"31905","ZIP4":"NOT AVAILABLE","TELEPHONE":"(706) 544-9493","TYPE":"MILITARY","STATUS":"OPEN","POPULATION":-999,"COUNTY":"RICHMOND","COUNTYFIPS":"13245","COUNTRY":"USA","LATITUDE":33.42351282,"LONGITUDE":-82.15805095,"NAICS_CODE":"622110","NAICS_DESC":"GENERAL MEDICAL AND SURGICAL HOSPITALS","SOURCE":"https://tricare.mil/finddoctor/mtf","SOURCEDATE":1638403200000,"VAL_METHOD":"IMAGERY/OTHER","VAL_DATE":1648771200000,"WEBSITE":"https://martin.tricare.mil/Health-Services/Readiness/Warrior-Care/","STATE_ID":"730","ALT_NAME":"FORT BENNING","ST_FIPS":"13","OWNER":"GOVERNMENT - FEDERAL","TTL_STAFF":-999,"BEDS":-999,"TRAUMA":"NOT AVAILABLE","HELIPAD":"N"}},{"type":"Feature","id":740,"geometry":{"type":"Point","coordinates":[-120.54161146,34.74461769]},"properties":{"FID":740,"OBJECTID":1146,"ID":"0196784435","NAME":"30TH MEDICAL GROUP","ADDRESS":"338 SOUTH DAKOTA, BUILDING 13850","CITY":"VANDENBERG AFB","STATE":"CA","ZIP":"93437","ZIP4":"5300","TELEPHONE":"(805) 606-2273","TYPE":"MILITARY","STATUS":"OPEN","POPULATION":-999,"COUNTY":"SANTA BARBARA","COUNTYFIPS":"06083","COUNTRY":"USA","LATITUDE":34.74461769,"LONGITUDE":-120.54161146,"NAICS_CODE":"622110","NAICS_DESC":"GENERAL MEDICAL AND SURGICAL HOSPITALS","SOURCE":"https://tricare.mil/finddoctor/mtf","SOURCEDATE":1638403200000,"VAL_METHOD":"IMAGERY/OTHER","VAL_DATE":1648771200000,"WEBSITE":"https://vandenberg.tricare.mil/","STATE_ID":"142","ALT_NAME":"VANDENBERG AIR FORCE BASE","ST_FIPS":"06","OWNER":"GOVERNMENT - FEDERAL","TTL_STAFF":-999,"BEDS":-999,"TRAUMA":"NOT AVAILABLE","HELIPAD":"Y"}},{"type":"Feature","id":741,"geometry":{"type":"Point","coordinates":[-77.01418597,38.83614664]},"properties":{"FID":741,"OBJECTID":1149,"ID":"0196784437","NAME":"316TH MEDICAL SQUADRON","ADDRESS":"238 BROOKLEY AVENUE","CITY":"JOINT BASE ANACOSTIA-BOLLING","STATE":"DC","ZIP":"20032","ZIP4":"NOT AVAILABLE","TELEPHONE":"(888) 999-1212","TYPE":"MILITARY","STATUS":"OPEN","POPULATION":-999,"COUNTY":"DISTRICT OF COLUMBIA","COUNTYFIPS":"11001","COUNTRY":"USA","LATITUDE":38.83614664,"LONGITUDE":-77.01418597,"NAICS_CODE":"622110","NAICS_DESC":"GENERAL MEDICAL AND SURGICAL HOSPITALS","SOURCE":"https://tricare.mil/finddoctor/mtf","SOURCEDATE":1638403200000,"VAL_METHOD":"IMAGERY/OTHER","VAL_DATE":1648771200000,"WEBSITE":"https://anacostiabolling.tricare.mil/","STATE_ID":"5","ALT_NAME":"JOINT BASE ANACOSTIA - BOLLING","ST_FIPS":"11","OWNER":"GOVERNMENT - FEDERAL","TTL_STAFF":-999,"BEDS":-999,"TRAUMA":"NOT AVAILABLE","HELIPAD":"N"}},{"type":"Feature","id":742,"geometry":{"type":"Point","coordinates":[-97.37394655,47.95062491]},"properties":{"FID":742,"OBJECTID":1150,"ID":"0196784438","NAME":"319TH MEDICAL GROUP - GRAND FORKS AFB MEDICAL FACILITY","ADDRESS":"1599 J STREET","CITY":"GRAND FORKS AFB","STATE":"ND","ZIP":"58205","ZIP4":"6332","TELEPHONE":"(701) 747-5601","TYPE":"MILITARY","STATUS":"OPEN","POPULATION":-999,"COUNTY":"GRAND FORKS","COUNTYFIPS":"38035","COUNTRY":"USA","LATITUDE":47.95062491,"LONGITUDE":-97.37394655,"NAICS_CODE":"622110","NAICS_DESC":"GENERAL MEDICAL AND SURGICAL HOSPITALS","SOURCE":"https://tricare.mil/finddoctor/mtf","SOURCEDATE":1638403200000,"VAL_METHOD":"IMAGERY/OTHER","VAL_DATE":1648771200000,"WEBSITE":"https://grandforks.tricare.mil/","STATE_ID":"123","ALT_NAME":"GRAND FORKS AIR FORCE BASE","ST_FIPS":"38","OWNER":"GOVERNMENT - FEDERAL","TTL_STAFF":-999,"BEDS":-999,"TRAUMA":"NOT AVAILABLE","HELIPAD":"N"}},{"type":"Feature","id":743,"geometry":{"type":"Point","coordinates":[-85.6028464,30.071384]},"properties":{"FID":743,"OBJECTID":1151,"ID":"0196784439","NAME":"325TH MEDICAL GROUP","ADDRESS":"340 MAGNOLIA CIRCLE","CITY":"TYNDALL AFB","STATE":"FL","ZIP":"32403","ZIP4":"5612","TELEPHONE":"NOT AVAILABLE","TYPE":"MILITARY","STATUS":"OPEN","POPULATION":-999,"COUNTY":"BAY","COUNTYFIPS":"12005","COUNTRY":"USA","LATITUDE":30.071384,"LONGITUDE":-85.6028464,"NAICS_CODE":"622110","NAICS_DESC":"GENERAL MEDICAL AND SURGICAL HOSPITALS","SOURCE":"https://tricare.mil/finddoctor/mtf","SOURCEDATE":1638403200000,"VAL_METHOD":"IMAGERY/OTHER","VAL_DATE":1648771200000,"WEBSITE":"https://tyndall.tricare.mil/","STATE_ID":"60","ALT_NAME":"TYNDALL AIR FORCE BASE","ST_FIPS":"12","OWNER":"GOVERNMENT - FEDERAL","TTL_STAFF":-999,"BEDS":-999,"TRAUMA":"NOT AVAILABLE","HELIPAD":"N"}},{"type":"Feature","id":744,"geometry":{"type":"Point","coordinates":[-111.1955012,47.5165614000001]},"properties":{"FID":744,"OBJECTID":1152,"ID":"0196784440","NAME":"341ST MEDICAL GROUP","ADDRESS":"7300 N PERIMETER RD","CITY":"MALMSTROM AFB","STATE":"MT","ZIP":"59402","ZIP4":"6780","TELEPHONE":"(406) 731-4633","TYPE":"MILITARY","STATUS":"OPEN","POPULATION":-999,"COUNTY":"CASCADE","COUNTYFIPS":"30013","COUNTRY":"USA","LATITUDE":47.5165614,"LONGITUDE":-111.1955012,"NAICS_CODE":"622110","NAICS_DESC":"GENERAL MEDICAL AND SURGICAL HOSPITALS","SOURCE":"https://tricare.mil/finddoctor/mtf","SOURCEDATE":1638403200000,"VAL_METHOD":"IMAGERY/OTHER","VAL_DATE":1648771200000,"WEBSITE":"https://malmstrom.tricare.mil/","STATE_ID":"115","ALT_NAME":"MALMSTROM AIR FORCE BASE","ST_FIPS":"30","OWNER":"GOVERNMENT - FEDERAL","TTL_STAFF":-999,"BEDS":-999,"TRAUMA":"NOT AVAILABLE","HELIPAD":"N"}},{"type":"Feature","id":745,"geometry":{"type":"Point","coordinates":[-147.09262453,64.67840671]},"properties":{"FID":745,"OBJECTID":1153,"ID":"0060099702","NAME":"354TH MEDICAL GROUP","ADDRESS":"2630 CENTRAL AVENUE","CITY":"EIELSON AFB","STATE":"AK","ZIP":"99702","ZIP4":"2325","TELEPHONE":"(907) 377-1847","TYPE":"MILITARY","STATUS":"OPEN","POPULATION":-999,"COUNTY":"FAIRBANKS NORTH STAR","COUNTYFIPS":"02090","COUNTRY":"USA","LATITUDE":64.67840671,"LONGITUDE":-147.09262453,"NAICS_CODE":"622110","NAICS_DESC":"GENERAL MEDICAL AND SURGICAL HOSPITALS","SOURCE":"https://tricare.mil/finddoctor/mtf","SOURCEDATE":1638403200000,"VAL_METHOD":"IMAGERY/OTHER","VAL_DATE":1392249600000,"WEBSITE":"https://eielson.tricare.mil/","STATE_ID":"187","ALT_NAME":"EIELSON AIR FORCE BASE","ST_FIPS":"02","OWNER":"GOVERNMENT - FEDERAL","TTL_STAFF":-999,"BEDS":-999,"TRAUMA":"NOT AVAILABLE","HELIPAD":"N"}},{"type":"Feature","id":746,"geometry":{"type":"Point","coordinates":[-110.85980967,32.17326043]},"properties":{"FID":746,"OBJECTID":1154,"ID":"0069585707","NAME":"355TH MEDICAL GROUP","ADDRESS":"4175 SOUTH ALAMO AVENUE","CITY":"DAVIS-MONTHAN AFB","STATE":"AZ","ZIP":"85707","ZIP4":"4405","TELEPHONE":"(520) 228-2778","TYPE":"MILITARY","STATUS":"OPEN","POPULATION":-999,"COUNTY":"PIMA","COUNTYFIPS":"04019","COUNTRY":"USA","LATITUDE":32.17326043,"LONGITUDE":-110.85980967,"NAICS_CODE":"622110","NAICS_DESC":"GENERAL MEDICAL AND SURGICAL HOSPITALS","SOURCE":"https://tricare.mil/finddoctor/mtf","SOURCEDATE":1638403200000,"VAL_METHOD":"IMAGERY/OTHER","VAL_DATE":1648771200000,"WEBSITE":"https://davismonthan.tricare.mil/","STATE_ID":"128","ALT_NAME":"DAVIS - MONTHAN AIR FORCE BASE","ST_FIPS":"04","OWNER":"GOVERNMENT - FEDERAL","TTL_STAFF":-999,"BEDS":-999,"TRAUMA":"NOT AVAILABLE","HELIPAD":"N"}},{"type":"Feature","id":747,"geometry":{"type":"Point","coordinates":[-115.850283,43.065168]},"properties":{"FID":747,"OBJECTID":1155,"ID":"0196784442","NAME":"366TH MEDICAL GROUP - MT. HOME AFB MEDICAL FACILITY","ADDRESS":"90 HOPE DRIVE, BUILDING 6000","CITY":"MOUNTAIN HOME AFB","STATE":"ID","ZIP":"83648","ZIP4":"1000","TELEPHONE":"(208) 828-7900","TYPE":"MILITARY","STATUS":"OPEN","POPULATION":-999,"COUNTY":"ELMORE","COUNTYFIPS":"16039","COUNTRY":"USA","LATITUDE":43.065168,"LONGITUDE":-115.850283,"NAICS_CODE":"622110","NAICS_DESC":"GENERAL MEDICAL AND SURGICAL HOSPITALS","SOURCE":"https://tricare.mil/finddoctor/mtf","SOURCEDATE":1638403200000,"VAL_METHOD":"IMAGERY/OTHER","VAL_DATE":1648771200000,"WEBSITE":"https://mountainhome.tricare.mil/","STATE_ID":"140","ALT_NAME":"MOUNTAIN HOME AIR FORCE BASE","ST_FIPS":"16","OWNER":"GOVERNMENT - FEDERAL","TTL_STAFF":-999,"BEDS":-999,"TRAUMA":"NOT AVAILABLE","HELIPAD":"N"}},{"type":"Feature","id":748,"geometry":{"type":"Point","coordinates":[-106.58148568,35.05404937]},"properties":{"FID":748,"OBJECTID":1157,"ID":"0196784444","NAME":"377TH MEDICAL GROUP - KIRTLAND AIR FORCE BASE MEDICAL FACILITY","ADDRESS":"1501 SAN PEDRO SE, BUILDING 47","CITY":"ALBUQUERQUE","STATE":"NM","ZIP":"87108","ZIP4":"NOT AVAILABLE","TELEPHONE":"(505) 846-3200","TYPE":"MILITARY","STATUS":"OPEN","POPULATION":-999,"COUNTY":"BERNALILLO","COUNTYFIPS":"35001","COUNTRY":"USA","LATITUDE":35.05404937,"LONGITUDE":-106.58148568,"NAICS_CODE":"622110","NAICS_DESC":"GENERAL MEDICAL AND SURGICAL HOSPITALS","SOURCE":"https://tricare.mil/finddoctor/mtf","SOURCEDATE":1638403200000,"VAL_METHOD":"IMAGERY/OTHER","VAL_DATE":1648771200000,"WEBSITE":"https://kirtland.tricare.mil/","STATE_ID":"121","ALT_NAME":"KIRTLAND AIR FORCE BASE","ST_FIPS":"35","OWNER":"GOVERNMENT - FEDERAL","TTL_STAFF":-999,"BEDS":-999,"TRAUMA":"NOT AVAILABLE","HELIPAD":"N"}},{"type":"Feature","id":749,"geometry":{"type":"Point","coordinates":[-117.89816679,34.9241734]},"properties":{"FID":749,"OBJECTID":1158,"ID":"0196784445","NAME":"412TH MEDICAL GROUP","ADDRESS":"30 NIGHTINGALE ROAD, BUILDING 5525","CITY":"EDWARDS AFB","STATE":"CA","ZIP":"93524","ZIP4":"1730","TELEPHONE":"(661) 277-7118","TYPE":"MILITARY","STATUS":"OPEN","POPULATION":-999,"COUNTY":"KERN","COUNTYFIPS":"06029","COUNTRY":"USA","LATITUDE":34.9241734,"LONGITUDE":-117.89816679,"NAICS_CODE":"622110","NAICS_DESC":"GENERAL MEDICAL AND SURGICAL HOSPITALS","SOURCE":"https://tricare.mil/finddoctor/mtf","SOURCEDATE":1638403200000,"VAL_METHOD":"IMAGERY/OTHER","VAL_DATE":1648771200000,"WEBSITE":"https://edwards.tricare.mil/","STATE_ID":"141","ALT_NAME":"EDWARDS AIR FORCE BASE","ST_FIPS":"06","OWNER":"GOVERNMENT - FEDERAL","TTL_STAFF":-999,"BEDS":-999,"TRAUMA":"NOT AVAILABLE","HELIPAD":"N"}},{"type":"Feature","id":750,"geometry":{"type":"Point","coordinates":[-86.3460928,32.3758145]},"properties":{"FID":750,"OBJECTID":1159,"ID":"0196784446","NAME":"42ND MEDICAL GROUP","ADDRESS":"300 SOUTH TWINING STREET, BUILDING 760","CITY":"MAXWELL AFB","STATE":"AL","ZIP":"36112","ZIP4":"6219","TELEPHONE":"(334) 953-3368","TYPE":"MILITARY","STATUS":"OPEN","POPULATION":-999,"COUNTY":"MONTGOMERY","COUNTYFIPS":"01101","COUNTRY":"USA","LATITUDE":32.3758145,"LONGITUDE":-86.3460928,"NAICS_CODE":"622110","NAICS_DESC":"GENERAL MEDICAL AND SURGICAL HOSPITALS","SOURCE":"https://dph1.adph.state.al.us/FacilitiesDirectoryReports/Reports/ReportDirectoryExcelExport-2021-10-19-1245007191115.xls","SOURCEDATE":1638403200000,"VAL_METHOD":"IMAGERY/OTHER","VAL_DATE":1648771200000,"WEBSITE":"https://maxwell.tricare.mil/","STATE_ID":"57","ALT_NAME":"MAXWELL AIR FORCE BASE","ST_FIPS":"01","OWNER":"GOVERNMENT - FEDERAL","TTL_STAFF":-999,"BEDS":-999,"TRAUMA":"NOT AVAILABLE","HELIPAD":"N"}},{"type":"Feature","id":751,"geometry":{"type":"Point","coordinates":[-75.4754583,39.1220950000001]},"properties":{"FID":751,"OBJECTID":1160,"ID":"0196784447","NAME":"436TH MEDICAL GROUP","ADDRESS":"300 TUSKEGEE BLVD","CITY":"DOVER AIR FORCE BASE","STATE":"DE","ZIP":"19902","ZIP4":"NOT AVAILABLE","TELEPHONE":"(302) 730-4633","TYPE":"MILITARY","STATUS":"OPEN","POPULATION":-999,"COUNTY":"KENT","COUNTYFIPS":"10001","COUNTRY":"USA","LATITUDE":39.122095,"LONGITUDE":-75.4754583,"NAICS_CODE":"622110","NAICS_DESC":"GENERAL MEDICAL AND SURGICAL HOSPITALS","SOURCE":"https://tricare.mil/finddoctor/mtf","SOURCEDATE":1638403200000,"VAL_METHOD":"IMAGERY/OTHER","VAL_DATE":1648771200000,"WEBSITE":"https://dover.tricare.mil/","STATE_ID":"6","ALT_NAME":"DOVER AIR FORCE BASE","ST_FIPS":"10","OWNER":"GOVERNMENT - FEDERAL","TTL_STAFF":-999,"BEDS":-999,"TRAUMA":"NOT AVAILABLE","HELIPAD":"N"}},{"type":"Feature","id":752,"geometry":{"type":"Point","coordinates":[-80.60448955,28.2143606700001]},"properties":{"FID":752,"OBJECTID":1161,"ID":"0196784448","NAME":"45TH MEDICAL GROUP","ADDRESS":"1381 S PATRICK DRIVE","CITY":"PATRICK AFB","STATE":"FL","ZIP":"32925","ZIP4":"NOT AVAILABLE","TELEPHONE":"(321) 494-8241","TYPE":"MILITARY","STATUS":"OPEN","POPULATION":-999,"COUNTY":"BREVARD","COUNTYFIPS":"12009","COUNTRY":"USA","LATITUDE":28.21436067,"LONGITUDE":-80.60448955,"NAICS_CODE":"622110","NAICS_DESC":"GENERAL MEDICAL AND SURGICAL HOSPITALS","SOURCE":"https://tricare.mil/finddoctor/mtf","SOURCEDATE":1638403200000,"VAL_METHOD":"IMAGERY/OTHER","VAL_DATE":1648771200000,"WEBSITE":"https://patrick.tricare.mil/","STATE_ID":"99","ALT_NAME":"PATRICK AFB","ST_FIPS":"12","OWNER":"GOVERNMENT - FEDERAL","TTL_STAFF":-999,"BEDS":-999,"TRAUMA":"NOT AVAILABLE","HELIPAD":"N"}},{"type":"Feature","id":753,"geometry":{"type":"Point","coordinates":[-104.77309604,39.7115551000001]},"properties":{"FID":753,"OBJECTID":1162,"ID":"0196784449","NAME":"460TH MEDICAL GROUP - NORTH","ADDRESS":"275 S ASPEN STOP 89, BUILDING 600, MDG NORTH","CITY":"BUCKLEY AFB","STATE":"CO","ZIP":"80011","ZIP4":"NOT AVAILABLE","TELEPHONE":"(720) 847-9355","TYPE":"MILITARY","STATUS":"OPEN","POPULATION":-999,"COUNTY":"ARAPAHOE","COUNTYFIPS":"08005","COUNTRY":"USA","LATITUDE":39.7115551,"LONGITUDE":-104.77309604,"NAICS_CODE":"622110","NAICS_DESC":"GENERAL MEDICAL AND SURGICAL HOSPITALS","SOURCE":"https://tricare.mil/finddoctor/mtf","SOURCEDATE":1638403200000,"VAL_METHOD":"IMAGERY/OTHER","VAL_DATE":1648771200000,"WEBSITE":"https://buckley.tricare.mil/","STATE_ID":"138","ALT_NAME":"BUCKLEY AIR FORCE BASE","ST_FIPS":"08","OWNER":"GOVERNMENT - FEDERAL","TTL_STAFF":-999,"BEDS":-999,"TRAUMA":"NOT AVAILABLE","HELIPAD":"N"}},{"type":"Feature","id":754,"geometry":{"type":"Point","coordinates":[-104.77549733,39.7081618600001]},"properties":{"FID":754,"OBJECTID":1163,"ID":"0196784450","NAME":"460TH MEDICAL GROUP - SOUTH","ADDRESS":"18230 E SILVERCREEK ST, BUILDING 392, MDG SOUTH","CITY":"BUCKLEY AFB","STATE":"CO","ZIP":"80011","ZIP4":"NOT AVAILABLE","TELEPHONE":"(720) 847-9355","TYPE":"MILITARY","STATUS":"OPEN","POPULATION":-999,"COUNTY":"ARAPAHOE","COUNTYFIPS":"08005","COUNTRY":"USA","LATITUDE":39.70816186,"LONGITUDE":-104.77549733,"NAICS_CODE":"622110","NAICS_DESC":"GENERAL MEDICAL AND SURGICAL HOSPITALS","SOURCE":"https://tricare.mil/finddoctor/mtf","SOURCEDATE":1638403200000,"VAL_METHOD":"IMAGERY/OTHER","VAL_DATE":1648771200000,"WEBSITE":"https://buckley.tricare.mil/","STATE_ID":"138","ALT_NAME":"BUCKLEY AIR FORCE BASE","ST_FIPS":"08","OWNER":"GOVERNMENT - FEDERAL","TTL_STAFF":-999,"BEDS":-999,"TRAUMA":"NOT AVAILABLE","HELIPAD":"N"}},{"type":"Feature","id":755,"geometry":{"type":"Point","coordinates":[-106.073297,32.8388557500001]},"properties":{"FID":755,"OBJECTID":1165,"ID":"0196784452","NAME":"49TH MEDICAL GROUP - HOLLOMAN AIR FORCE BASE MEDICAL FACILITY","ADDRESS":"280 FIRST STREET, NUMBER 15","CITY":"HOLLOMAN AFB","STATE":"NM","ZIP":"88330","ZIP4":"8273","TELEPHONE":"(575) 572-2778","TYPE":"MILITARY","STATUS":"OPEN","POPULATION":-999,"COUNTY":"OTERO","COUNTYFIPS":"35035","COUNTRY":"USA","LATITUDE":32.83885575,"LONGITUDE":-106.073297,"NAICS_CODE":"622110","NAICS_DESC":"GENERAL MEDICAL AND SURGICAL HOSPITALS","SOURCE":"https://tricare.mil/finddoctor/mtf","SOURCEDATE":1638403200000,"VAL_METHOD":"IMAGERY/OTHER","VAL_DATE":1648771200000,"WEBSITE":"https://holloman.tricare.mil/","STATE_ID":"120","ALT_NAME":"HOLLOMAN AIR FORCE BASE","ST_FIPS":"35","OWNER":"GOVERNMENT - FEDERAL","TTL_STAFF":-999,"BEDS":-999,"TRAUMA":"NOT AVAILABLE","HELIPAD":"N"}},{"type":"Feature","id":756,"geometry":{"type":"Point","coordinates":[-93.5723712,38.7282561000001]},"properties":{"FID":756,"OBJECTID":1167,"ID":"0196784454","NAME":"509TH MEDICAL GROUP","ADDRESS":"331 SIJAN AVENUE","CITY":"WHITMAN AFB","STATE":"MO","ZIP":"65305","ZIP4":"5001","TELEPHONE":"(660) 687-2188","TYPE":"MILITARY","STATUS":"OPEN","POPULATION":-999,"COUNTY":"JOHNSON","COUNTYFIPS":"29101","COUNTRY":"USA","LATITUDE":38.7282561,"LONGITUDE":-93.5723712,"NAICS_CODE":"622110","NAICS_DESC":"GENERAL MEDICAL AND SURGICAL HOSPITALS","SOURCE":"https://tricare.mil/finddoctor/mtf","SOURCEDATE":1638403200000,"VAL_METHOD":"IMAGERY/OTHER","VAL_DATE":1648771200000,"WEBSITE":"https://whiteman.tricare.mil/","STATE_ID":"114","ALT_NAME":"WHITEMAN AIR FORCE BASE","ST_FIPS":"29","OWNER":"GOVERNMENT - FEDERAL","TTL_STAFF":-999,"BEDS":-999,"TRAUMA":"NOT AVAILABLE","HELIPAD":"N"}},{"type":"Feature","id":757,"geometry":{"type":"Point","coordinates":[-112.3572473,33.5412922]},"properties":{"FID":757,"OBJECTID":1169,"ID":"0196784455","NAME":"56TH MEDICAL GROUP","ADDRESS":"7219 NORTH LITCHFIELD ROAD, BUILDING 1130","CITY":"LUKE AFB","STATE":"AZ","ZIP":"85309","ZIP4":"1526","TELEPHONE":"(623) 856-2273","TYPE":"MILITARY","STATUS":"OPEN","POPULATION":-999,"COUNTY":"MARICOPA","COUNTYFIPS":"04013","COUNTRY":"USA","LATITUDE":33.5412922,"LONGITUDE":-112.3572473,"NAICS_CODE":"622110","NAICS_DESC":"GENERAL MEDICAL AND SURGICAL HOSPITALS","SOURCE":"https://tricare.mil/finddoctor/mtf","SOURCEDATE":1638403200000,"VAL_METHOD":"IMAGERY/OTHER","VAL_DATE":1648771200000,"WEBSITE":"https://luke.tricare.mil/","STATE_ID":"130","ALT_NAME":"LUKE AIR FORCE BASE","ST_FIPS":"04","OWNER":"GOVERNMENT - FEDERAL","TTL_STAFF":-999,"BEDS":-999,"TRAUMA":"NOT AVAILABLE","HELIPAD":"N"}},{"type":"Feature","id":758,"geometry":{"type":"Point","coordinates":[-98.62219938,29.39956048]},"properties":{"FID":758,"OBJECTID":1170,"ID":"0196784456","NAME":"59TH MEDICAL WING - WILFORD HALL AMBULATORY SURGICAL CENTER","ADDRESS":"2200 BERGQUIST DRIVE, SUITE 1","CITY":"LACKLAND AFB","STATE":"TX","ZIP":"78236","ZIP4":"9908","TELEPHONE":"(210) 292-7412","TYPE":"MILITARY","STATUS":"OPEN","POPULATION":-999,"COUNTY":"BEXAR","COUNTYFIPS":"48029","COUNTRY":"USA","LATITUDE":29.39956048,"LONGITUDE":-98.62219938,"NAICS_CODE":"622110","NAICS_DESC":"GENERAL MEDICAL AND SURGICAL HOSPITALS","SOURCE":"https://tricare.mil/finddoctor/mtf","SOURCEDATE":1638403200000,"VAL_METHOD":"IMAGERY/OTHER","VAL_DATE":1648771200000,"WEBSITE":"https://wilfordhall.tricare.mil/","STATE_ID":"82","ALT_NAME":"JOINT BASE SAN ANTONIO - LACKLAND","ST_FIPS":"48","OWNER":"GOVERNMENT - FEDERAL","TTL_STAFF":-999,"BEDS":-999,"TRAUMA":"NOT AVAILABLE","HELIPAD":"N"}},{"type":"Feature","id":759,"geometry":{"type":"Point","coordinates":[-101.3021616,48.4172037000001]},"properties":{"FID":759,"OBJECTID":1171,"ID":"0196784457","NAME":"5TH MEDICAL GROUP - MINOT AFB MEDICAL FACILITY","ADDRESS":"194 MISSILE AVENUE","CITY":"MINOT AFB","STATE":"ND","ZIP":"58705","ZIP4":"5024","TELEPHONE":"(701) 723-5633","TYPE":"MILITARY","STATUS":"OPEN","POPULATION":-999,"COUNTY":"WARD","COUNTYFIPS":"38101","COUNTRY":"USA","LATITUDE":48.4172037,"LONGITUDE":-101.3021616,"NAICS_CODE":"622110","NAICS_DESC":"GENERAL MEDICAL AND SURGICAL HOSPITALS","SOURCE":"https://tricare.mil/finddoctor/mtf","SOURCEDATE":1638403200000,"VAL_METHOD":"IMAGERY/OTHER","VAL_DATE":1648771200000,"WEBSITE":"https://minot.tricare.mil/","STATE_ID":"124","ALT_NAME":"MINOT AIR FORCE BASE","ST_FIPS":"38","OWNER":"GOVERNMENT - FEDERAL","TTL_STAFF":-999,"BEDS":-999,"TRAUMA":"NOT AVAILABLE","HELIPAD":"N"}},{"type":"Feature","id":760,"geometry":{"type":"Point","coordinates":[-121.9637813,38.2700215]},"properties":{"FID":760,"OBJECTID":1172,"ID":"0196784299","NAME":"60TH MEDICAL GROUP - DAVID GRANT USAF MEDICAL CENTER","ADDRESS":"101 BODIN CIRCLE, BUILDING 777","CITY":"TRAVIS AFB","STATE":"CA","ZIP":"94535","ZIP4":"1801","TELEPHONE":"(707) 423-3000","TYPE":"MILITARY","STATUS":"OPEN","POPULATION":-999,"COUNTY":"SOLANO","COUNTYFIPS":"06095","COUNTRY":"USA","LATITUDE":38.2700215,"LONGITUDE":-121.9637813,"NAICS_CODE":"622110","NAICS_DESC":"GENERAL MEDICAL AND SURGICAL HOSPITALS","SOURCE":"https://tricare.mil/finddoctor/mtf","SOURCEDATE":1638403200000,"VAL_METHOD":"GEOCODE","VAL_DATE":1604275200000,"WEBSITE":"https://travis.tricare.mil/","STATE_ID":"154","ALT_NAME":"TRAVIS AIR FORCE BASE","ST_FIPS":"06","OWNER":"GOVERNMENT - FEDERAL","TTL_STAFF":-999,"BEDS":-999,"TRAUMA":"NOT AVAILABLE","HELIPAD":"Y"}},{"type":"Feature","id":761,"geometry":{"type":"Point","coordinates":[-118.3811649,33.9190368000001]},"properties":{"FID":761,"OBJECTID":1173,"ID":"0196784458","NAME":"61ST MEDICAL SQUADRON","ADDRESS":"483 NORTH AVIATION BOULEVARD, BUILDING 210","CITY":"EL SEGUNDO","STATE":"CA","ZIP":"90245","ZIP4":"4661","TELEPHONE":"(310) 653-2873","TYPE":"MILITARY","STATUS":"OPEN","POPULATION":-999,"COUNTY":"LOS ANGELES","COUNTYFIPS":"06037","COUNTRY":"USA","LATITUDE":33.9190368,"LONGITUDE":-118.3811649,"NAICS_CODE":"622110","NAICS_DESC":"GENERAL MEDICAL AND SURGICAL HOSPITALS","SOURCE":"https://tricare.mil/finddoctor/mtf","SOURCEDATE":1638403200000,"VAL_METHOD":"IMAGERY/OTHER","VAL_DATE":1648771200000,"WEBSITE":"https://losangeles.tricare.mil/","STATE_ID":"147","ALT_NAME":"LOS ANGELES AIR FORCE BASE","ST_FIPS":"06","OWNER":"GOVERNMENT - FEDERAL","TTL_STAFF":-999,"BEDS":-999,"TRAUMA":"NOT AVAILABLE","HELIPAD":"N"}},{"type":"Feature","id":762,"geometry":{"type":"Point","coordinates":[-80.0582946,32.8970776]},"properties":{"FID":762,"OBJECTID":1174,"ID":"0196784459","NAME":"628TH MEDICAL GROUP","ADDRESS":"204 WEST HILL BOULEVARD","CITY":"JOINT BASE CHARLESTON","STATE":"SC","ZIP":"29404","ZIP4":"4704","TELEPHONE":"(843) 963-6880","TYPE":"MILITARY","STATUS":"OPEN","POPULATION":-999,"COUNTY":"CHARLESTON","COUNTYFIPS":"45019","COUNTRY":"USA","LATITUDE":32.8970776,"LONGITUDE":-80.0582946,"NAICS_CODE":"622110","NAICS_DESC":"GENERAL MEDICAL AND SURGICAL HOSPITALS","SOURCE":"https://tricare.mil/finddoctor/mtf","SOURCEDATE":1638403200000,"VAL_METHOD":"IMAGERY/OTHER","VAL_DATE":1648771200000,"WEBSITE":"https://charleston.tricare.mil/","STATE_ID":"103","ALT_NAME":"JOINT BASE CHARLESTON","ST_FIPS":"45","OWNER":"GOVERNMENT - FEDERAL","TTL_STAFF":-999,"BEDS":-999,"TRAUMA":"NOT AVAILABLE","HELIPAD":"N"}},{"type":"Feature","id":763,"geometry":{"type":"Point","coordinates":[-122.496288569,47.1296484540001]},"properties":{"FID":763,"OBJECTID":1175,"ID":"0196784460","NAME":"62ND MEDICAL SQUADRON","ADDRESS":"690 BARNES BLVD","CITY":"MCCHORD AFB","STATE":"WA","ZIP":"98438","ZIP4":"NOT AVAILABLE","TELEPHONE":"(253) 982-5688","TYPE":"MILITARY","STATUS":"OPEN","POPULATION":-999,"COUNTY":"PIERCE","COUNTYFIPS":"53053","COUNTRY":"USA","LATITUDE":47.12964845,"LONGITUDE":-122.49628857,"NAICS_CODE":"622110","NAICS_DESC":"GENERAL MEDICAL AND SURGICAL HOSPITALS","SOURCE":"https://tricare.mil/finddoctor/mtf","SOURCEDATE":1638403200000,"VAL_METHOD":"IMAGERY/OTHER","VAL_DATE":1648771200000,"WEBSITE":"https://lewismcchord.tricare.mil/","STATE_ID":"249","ALT_NAME":"MCCHORD AIR FORCE BASE","ST_FIPS":"53","OWNER":"GOVERNMENT - FEDERAL","TTL_STAFF":-999,"BEDS":-999,"TRAUMA":"NOT AVAILABLE","HELIPAD":"N"}},{"type":"Feature","id":764,"geometry":{"type":"Point","coordinates":[-76.35761381,37.0735426800001]},"properties":{"FID":764,"OBJECTID":1176,"ID":"0196784461","NAME":"633D MEDICAL GROUP - LANGLEY AFB FACILITY","ADDRESS":"77 NEALY AVE","CITY":"HAMPTON","STATE":"VA","ZIP":"23665","ZIP4":"2080","TELEPHONE":"(757) 225-7630","TYPE":"MILITARY","STATUS":"OPEN","POPULATION":-999,"COUNTY":"HAMPTON CITY","COUNTYFIPS":"51650","COUNTRY":"USA","LATITUDE":37.07354268,"LONGITUDE":-76.35761381,"NAICS_CODE":"622110","NAICS_DESC":"GENERAL MEDICAL AND SURGICAL HOSPITALS","SOURCE":"https://tricare.mil/finddoctor/mtf","SOURCEDATE":1638403200000,"VAL_METHOD":"IMAGERY/OTHER","VAL_DATE":1648771200000,"WEBSITE":"https://langleyeustis.tricare.mil/","STATE_ID":"35","ALT_NAME":"JOINT BASE LANGLEY - EUSTIS","ST_FIPS":"51","OWNER":"GOVERNMENT - FEDERAL","TTL_STAFF":-999,"BEDS":-999,"TRAUMA":"NOT AVAILABLE","HELIPAD":"N"}},{"type":"Feature","id":765,"geometry":{"type":"Point","coordinates":[-71.282688,42.4578802]},"properties":{"FID":765,"OBJECTID":1177,"ID":"0196784462","NAME":"66TH MEDICAL SQUADRON, HANSCOM AIR FORCE BASE","ADDRESS":"90 VANDENBERG DR, BUILDING 1900","CITY":"HANSCOM AFB","STATE":"MA","ZIP":"01731","ZIP4":"2139","TELEPHONE":"(781) 225-6789","TYPE":"MILITARY","STATUS":"OPEN","POPULATION":-999,"COUNTY":"MIDDLESEX","COUNTYFIPS":"25017","COUNTRY":"USA","LATITUDE":42.4578802,"LONGITUDE":-71.282688,"NAICS_CODE":"622110","NAICS_DESC":"GENERAL MEDICAL AND SURGICAL HOSPITALS","SOURCE":"https://tricare.mil/finddoctor/mtf","SOURCEDATE":1638403200000,"VAL_METHOD":"IMAGERY/OTHER","VAL_DATE":1648771200000,"WEBSITE":"https://hanscom.tricare.mil/","STATE_ID":"15","ALT_NAME":"HANSCOM AIR FORCE BASE","ST_FIPS":"25","OWNER":"GOVERNMENT - FEDERAL","TTL_STAFF":-999,"BEDS":-999,"TRAUMA":"NOT AVAILABLE","HELIPAD":"N"}},{"type":"Feature","id":767,"geometry":{"type":"Point","coordinates":[-149.74466706,61.23509597]},"properties":{"FID":767,"OBJECTID":1178,"ID":"0000999506","NAME":"673RD MEDICAL GROUP","ADDRESS":"5955 ZEAMER AVENUE","CITY":"JOINT BASE ELMENDORF - RICHARDSON","STATE":"AK","ZIP":"99506","ZIP4":"NOT AVAILABLE","TELEPHONE":"(907) 580-6400","TYPE":"MILITARY","STATUS":"OPEN","POPULATION":-999,"COUNTY":"ANCHORAGE","COUNTYFIPS":"02020","COUNTRY":"USA","LATITUDE":61.23509597,"LONGITUDE":-149.74466706,"NAICS_CODE":"622110","NAICS_DESC":"GENERAL MEDICAL AND SURGICAL HOSPITALS","SOURCE":"https://tricare.mil/finddoctor/mtf","SOURCEDATE":1638403200000,"VAL_METHOD":"IMAGERY/OTHER","VAL_DATE":1648771200000,"WEBSITE":"https://elmendorfrichardson.tricare.mil/","STATE_ID":"188","ALT_NAME":"JOINT BASE ELMENDORF - RICHARDSON","ST_FIPS":"02","OWNER":"GOVERNMENT - FEDERAL","TTL_STAFF":-999,"BEDS":-999,"TRAUMA":"NOT AVAILABLE","HELIPAD":"Y"}},{"type":"Feature","id":768,"geometry":{"type":"Point","coordinates":[-82.5007394,27.8600535]},"properties":{"FID":768,"OBJECTID":1179,"ID":"0196784464","NAME":"6TH MEDICAL GROUP","ADDRESS":"3250 ZEMKE AVE","CITY":"MACDILL AFB","STATE":"FL","ZIP":"33621","ZIP4":"1607","TELEPHONE":"(813) 828-2273","TYPE":"MILITARY","STATUS":"OPEN","POPULATION":-999,"COUNTY":"HILLSBOROUGH","COUNTYFIPS":"12057","COUNTRY":"USA","LATITUDE":27.8600535,"LONGITUDE":-82.5007394,"NAICS_CODE":"622110","NAICS_DESC":"GENERAL MEDICAL AND SURGICAL HOSPITALS","SOURCE":"https://tricare.mil/finddoctor/mtf","SOURCEDATE":1638403200000,"VAL_METHOD":"IMAGERY/OTHER","VAL_DATE":1648771200000,"WEBSITE":"https://macdill.tricare.mil/","STATE_ID":"98","ALT_NAME":"MACDILL AIR FORCE BASE","ST_FIPS":"12","OWNER":"GOVERNMENT - FEDERAL","TTL_STAFF":-999,"BEDS":-999,"TRAUMA":"NOT AVAILABLE","HELIPAD":"N"}},{"type":"Feature","id":770,"geometry":{"type":"Point","coordinates":[-111.98453756,41.1056993500001]},"properties":{"FID":770,"OBJECTID":1182,"ID":"0196784467","NAME":"75TH MEDICAL GROUP - HILL AFB MEDICAL FACILITY","ADDRESS":"7321 BALMER STREET, BUILDING 570","CITY":"HILL AFB","STATE":"UT","ZIP":"84056","ZIP4":"5012","TELEPHONE":"(801) 586-2273","TYPE":"MILITARY","STATUS":"OPEN","POPULATION":-999,"COUNTY":"DAVIS","COUNTYFIPS":"49011","COUNTRY":"USA","LATITUDE":41.10569935,"LONGITUDE":-111.98453756,"NAICS_CODE":"622110","NAICS_DESC":"GENERAL MEDICAL AND SURGICAL HOSPITALS","SOURCE":"https://tricare.mil/finddoctor/mtf","SOURCEDATE":1638403200000,"VAL_METHOD":"IMAGERY/OTHER","VAL_DATE":1648771200000,"WEBSITE":"https://hill.tricare.mil/","STATE_ID":"126","ALT_NAME":"HILL AIR FORCE BASE","ST_FIPS":"49","OWNER":"GOVERNMENT - FEDERAL","TTL_STAFF":-999,"BEDS":-999,"TRAUMA":"NOT AVAILABLE","HELIPAD":"N"}},{"type":"Feature","id":772,"geometry":{"type":"Point","coordinates":[-83.5855701099999,32.60402708]},"properties":{"FID":772,"OBJECTID":1183,"ID":"0196784468","NAME":"78TH MEDICAL GROUP","ADDRESS":"655 7TH STREET, BUILDING 700, TRICARE OPERATIONS","CITY":"ROBINS AIR FORCE BASE","STATE":"GA","ZIP":"31098","ZIP4":"2227","TELEPHONE":"(478) 327-7850","TYPE":"MILITARY","STATUS":"OPEN","POPULATION":-999,"COUNTY":"HOUSTON","COUNTYFIPS":"13153","COUNTRY":"USA","LATITUDE":32.60402708,"LONGITUDE":-83.58557011,"NAICS_CODE":"622110","NAICS_DESC":"GENERAL MEDICAL AND SURGICAL HOSPITALS","SOURCE":"https://tricare.mil/finddoctor/mtf","SOURCEDATE":1638403200000,"VAL_METHOD":"IMAGERY/OTHER","VAL_DATE":1648771200000,"WEBSITE":"https://robins.tricare.mil/","STATE_ID":"97","ALT_NAME":"ROBINS AIR FORCE BASE","ST_FIPS":"13","OWNER":"GOVERNMENT - FEDERAL","TTL_STAFF":-999,"BEDS":-999,"TRAUMA":"NOT AVAILABLE","HELIPAD":"N"}},{"type":"Feature","id":774,"geometry":{"type":"Point","coordinates":[-88.91008169,30.4124274100001]},"properties":{"FID":774,"OBJECTID":1185,"ID":"0196784470","NAME":"81ST MEDICAL GROUP","ADDRESS":"301 FISHER STREET","CITY":"KEESLER AFB","STATE":"MS","ZIP":"39534","ZIP4":"NOT AVAILABLE","TELEPHONE":"(228) 376-2550","TYPE":"MILITARY","STATUS":"OPEN","POPULATION":-999,"COUNTY":"HARRISON","COUNTYFIPS":"28047","COUNTRY":"USA","LATITUDE":30.41242741,"LONGITUDE":-88.91008169,"NAICS_CODE":"622110","NAICS_DESC":"GENERAL MEDICAL AND SURGICAL HOSPITALS","SOURCE":"https://tricare.mil/finddoctor/mtf","SOURCEDATE":1638403200000,"VAL_METHOD":"IMAGERY/OTHER","VAL_DATE":1648771200000,"WEBSITE":"https://keesler.tricare.mil/","STATE_ID":"56","ALT_NAME":"KEESLER AFB","ST_FIPS":"28","OWNER":"GOVERNMENT - FEDERAL","TTL_STAFF":-999,"BEDS":-999,"TRAUMA":"NOT AVAILABLE","HELIPAD":"N"}},{"type":"Feature","id":795,"geometry":{"type":"Point","coordinates":[-96.8151293,39.1122537000001]},"properties":{"FID":795,"OBJECTID":1259,"ID":"0196784528","NAME":"FORT RILEY PUBLIC HEALTH DEPARTMENT","ADDRESS":"7665 NORMANDY DR","CITY":"FORT RILEY","STATE":"KS","ZIP":"66442","ZIP4":"NOT AVAILABLE","TELEPHONE":"(785) 239-7323","TYPE":"MILITARY","STATUS":"OPEN","POPULATION":-999,"COUNTY":"RILEY","COUNTYFIPS":"20161","COUNTRY":"USA","LATITUDE":39.1122537,"LONGITUDE":-96.8151293,"NAICS_CODE":"622110","NAICS_DESC":"GENERAL MEDICAL AND SURGICAL HOSPITALS","SOURCE":"https://tricare.mil/finddoctor/mtf","SOURCEDATE":1638403200000,"VAL_METHOD":"IMAGERY/OTHER","VAL_DATE":1648771200000,"WEBSITE":"https://irwin.tricare.mil/Health-Services/Preventive-Care/Public-Health","STATE_ID":"135","ALT_NAME":"FORT RILEY","ST_FIPS":"20","OWNER":"GOVERNMENT - FEDERAL","TTL_STAFF":-999,"BEDS":-999,"TRAUMA":"NOT AVAILABLE","HELIPAD":"N"}},{"type":"Feature","id":1172,"geometry":{"type":"Point","coordinates":[-74.6157832599999,40.03179885]},"properties":{"FID":1172,"OBJECTID":1187,"ID":"0196784472","NAME":"87TH MEDICAL GROUP - MCGUIRE AMBULATORY CARE FACILITY","ADDRESS":"3458 NEELY ROAD","CITY":"JB MDL","STATE":"NJ","ZIP":"08641","ZIP4":"NOT AVAILABLE","TELEPHONE":"(866) 377-2778","TYPE":"MILITARY","STATUS":"OPEN","POPULATION":-999,"COUNTY":"BURLINGTON","COUNTYFIPS":"34005","COUNTRY":"USA","LATITUDE":40.03179885,"LONGITUDE":-74.61578326,"NAICS_CODE":"622110","NAICS_DESC":"GENERAL MEDICAL AND SURGICAL HOSPITALS","SOURCE":"https://tricare.mil/finddoctor/mtf","SOURCEDATE":1638403200000,"VAL_METHOD":"IMAGERY/OTHER","VAL_DATE":1648771200000,"WEBSITE":"https://mcguiredixlakehurst.tricare.mil/","STATE_ID":"18","ALT_NAME":"JOINT BASE MCGUIRE - DIX - LAKEHURST","ST_FIPS":"34","OWNER":"GOVERNMENT - FEDERAL","TTL_STAFF":-999,"BEDS":-999,"TRAUMA":"NOT AVAILABLE","HELIPAD":"N"}},{"type":"Feature","id":1173,"geometry":{"type":"Point","coordinates":[-84.03740713,39.80534785]},"properties":{"FID":1173,"OBJECTID":1188,"ID":"0000000024","NAME":"88TH MEDICAL GROUP - WRIGHT - PATTERSON AIR FORCE BASE MEDICAL CENTER","ADDRESS":"4881 SUGAR MAPLE DRIVE","CITY":"WRIGHT-PATTERSON AFB","STATE":"OH","ZIP":"45433","ZIP4":"5529","TELEPHONE":"(937) 522-2778","TYPE":"MILITARY","STATUS":"OPEN","POPULATION":57,"COUNTY":"GREENE","COUNTYFIPS":"39057","COUNTRY":"USA","LATITUDE":39.80534785,"LONGITUDE":-84.03740713,"NAICS_CODE":"622110","NAICS_DESC":"GENERAL MEDICAL AND SURGICAL HOSPITALS","SOURCE":"https://tricare.mil/finddoctor/mtf","SOURCEDATE":1638403200000,"VAL_METHOD":"IMAGERY/OTHER","VAL_DATE":1438041600000,"WEBSITE":"https://wrightpatterson.tricare.mil/","STATE_ID":"50","ALT_NAME":"WRIGHT - PATTERSON AIR FORCE BASE","ST_FIPS":"39","OWNER":"GOVERNMENT - FEDERAL","TTL_STAFF":-999,"BEDS":57,"TRAUMA":"NOT AVAILABLE","HELIPAD":"N"}},{"type":"Feature","id":1174,"geometry":{"type":"Point","coordinates":[-86.66023089,34.6962142]},"properties":{"FID":1174,"OBJECTID":1260,"ID":"0000000133","NAME":"FOX ARMY HEALTH CENTER","ADDRESS":"4100 GOSS RD","CITY":"REDSTONE ARSENAL","STATE":"AL","ZIP":"35809","ZIP4":"7000","TELEPHONE":"(256) 955-8888","TYPE":"MILITARY","STATUS":"OPEN","POPULATION":-999,"COUNTY":"MADISON","COUNTYFIPS":"01089","COUNTRY":"USA","LATITUDE":34.6962142,"LONGITUDE":-86.66023089,"NAICS_CODE":"622110","NAICS_DESC":"GENERAL MEDICAL AND SURGICAL HOSPITALS","SOURCE":"https://dph1.adph.state.al.us/FacilitiesDirectoryReports/Reports/ReportDirectoryExcelExport-2021-10-19-1245007191115.xls","SOURCEDATE":1638403200000,"VAL_METHOD":"IMAGERY/OTHER","VAL_DATE":1445385600000,"WEBSITE":"https://redstone.tricare.mil","STATE_ID":"69","ALT_NAME":"REDSTONE ARSENAL","ST_FIPS":"01","OWNER":"GOVERNMENT - FEDERAL","TTL_STAFF":-999,"BEDS":-999,"TRAUMA":"NOT AVAILABLE","HELIPAD":"N"}},{"type":"Feature","id":1175,"geometry":{"type":"Point","coordinates":[-104.861211,41.1588527000001]},"properties":{"FID":1175,"OBJECTID":1189,"ID":"0196784473","NAME":"90TH MEDICAL GROUP","ADDRESS":"6900 ALDEN DRIVE","CITY":"F.E. WARREN AFB","STATE":"WY","ZIP":"82005","ZIP4":"3913","TELEPHONE":"(307) 773-3461","TYPE":"MILITARY","STATUS":"OPEN","POPULATION":-999,"COUNTY":"LARAMIE","COUNTYFIPS":"56021","COUNTRY":"USA","LATITUDE":41.1588527,"LONGITUDE":-104.861211,"NAICS_CODE":"622110","NAICS_DESC":"GENERAL MEDICAL AND SURGICAL HOSPITALS","SOURCE":"https://tricare.mil/finddoctor/mtf","SOURCEDATE":1638403200000,"VAL_METHOD":"IMAGERY/OTHER","VAL_DATE":1648771200000,"WEBSITE":"https://fewarren.tricare.mil/","STATE_ID":"127","ALT_NAME":"FRANCIS E. WARREN AIR FORCE BASE","ST_FIPS":"56","OWNER":"GOVERNMENT - FEDERAL","TTL_STAFF":-999,"BEDS":-999,"TRAUMA":"NOT AVAILABLE","HELIPAD":"N"}},{"type":"Feature","id":1176,"geometry":{"type":"Point","coordinates":[-145.7134337,63.9716633400001]},"properties":{"FID":1176,"OBJECTID":1262,"ID":"0196784530","NAME":"FT. GREELY ARMY MEDICAL HOME","ADDRESS":"655 EAST 5TH STREET","CITY":"FT. GREELY","STATE":"AK","ZIP":"99731","ZIP4":"NOT AVAILABLE","TELEPHONE":"(907) 873-4975","TYPE":"MILITARY","STATUS":"OPEN","POPULATION":-999,"COUNTY":"SOUTHEAST FAIRBANKS","COUNTYFIPS":"02240","COUNTRY":"USA","LATITUDE":63.97166334,"LONGITUDE":-145.7134337,"NAICS_CODE":"622110","NAICS_DESC":"GENERAL MEDICAL AND SURGICAL HOSPITALS","SOURCE":"https://tricare.mil/finddoctor/mtf","SOURCEDATE":1638403200000,"VAL_METHOD":"IMAGERY/OTHER","VAL_DATE":1648771200000,"WEBSITE":"https://bassett-wainwright.tricare.mil/Clinics/Fort-Greely-AMH","STATE_ID":"696","ALT_NAME":"FT. GREELY","ST_FIPS":"02","OWNER":"GOVERNMENT - FEDERAL","TTL_STAFF":-999,"BEDS":-999,"TRAUMA":"NOT AVAILABLE","HELIPAD":"N"}},{"type":"Feature","id":1177,"geometry":{"type":"Point","coordinates":[-117.64527527,47.6394160400001]},"properties":{"FID":1177,"OBJECTID":1190,"ID":"0000498438","NAME":"92ND MEDICAL GROUP","ADDRESS":"701 HOSPITAL LOOP, BUILDING 9000","CITY":"FAIRCHILD AFB","STATE":"WA","ZIP":"99011","ZIP4":"8704","TELEPHONE":"(509) 247-2361","TYPE":"MILITARY","STATUS":"OPEN","POPULATION":48,"COUNTY":"SPOKANE","COUNTYFIPS":"53063","COUNTRY":"USA","LATITUDE":47.63941604,"LONGITUDE":-117.64527527,"NAICS_CODE":"622110","NAICS_DESC":"GENERAL MEDICAL AND SURGICAL HOSPITALS","SOURCE":"https://tricare.mil/finddoctor/mtf","SOURCEDATE":1638403200000,"VAL_METHOD":"IMAGERY","VAL_DATE":1586131200000,"WEBSITE":"https://fairchild.tricare.mil/","STATE_ID":"250","ALT_NAME":"FAIRCHILD AIR FORCE BASE","ST_FIPS":"53","OWNER":"GOVERNMENT - FEDERAL","TTL_STAFF":-999,"BEDS":48,"TRAUMA":"NOT AVAILABLE","HELIPAD":"Y"}},{"type":"Feature","id":1178,"geometry":{"type":"Point","coordinates":[-92.11483258,37.76616456]},"properties":{"FID":1178,"OBJECTID":1263,"ID":"0000000029","NAME":"GENERAL LEONARD WOOD ARMY COMMUNITY HOSPITAL","ADDRESS":"4430 MISSOURI AVENUE","CITY":"FT. LEONARD WOOD","STATE":"MO","ZIP":"65473","ZIP4":"8952","TELEPHONE":"(573) 596-0035","TYPE":"MILITARY","STATUS":"OPEN","POPULATION":46,"COUNTY":"PULASKI","COUNTYFIPS":"29169","COUNTRY":"USA","LATITUDE":37.76616456,"LONGITUDE":-92.11483258,"NAICS_CODE":"622110","NAICS_DESC":"GENERAL MEDICAL AND SURGICAL HOSPITALS","SOURCE":"https://tricare.mil/finddoctor/mtf","SOURCEDATE":1638403200000,"VAL_METHOD":"IMAGERY/OTHER","VAL_DATE":1437782400000,"WEBSITE":"https://leonard-wood.tricare.mil","STATE_ID":"139","ALT_NAME":"FORT LEONARD WOOD","ST_FIPS":"29","OWNER":"GOVERNMENT - FEDERAL","TTL_STAFF":-999,"BEDS":46,"TRAUMA":"NOT AVAILABLE","HELIPAD":"Y"}},{"type":"Feature","id":1179,"geometry":{"type":"Point","coordinates":[-86.5552326499999,30.4608398600001]},"properties":{"FID":1179,"OBJECTID":1191,"ID":"0044332542","NAME":"96TH MEDICAL GROUP","ADDRESS":"307 BOATNER ROAD, SUITE 114","CITY":"EGLIN AFB","STATE":"FL","ZIP":"32542","ZIP4":"1282","TELEPHONE":"(850) 883-8600","TYPE":"MILITARY","STATUS":"OPEN","POPULATION":-999,"COUNTY":"OKALOOSA","COUNTYFIPS":"12091","COUNTRY":"USA","LATITUDE":30.46083986,"LONGITUDE":-86.55523265,"NAICS_CODE":"622110","NAICS_DESC":"GENERAL MEDICAL AND SURGICAL HOSPITALS","SOURCE":"https://tricare.mil/finddoctor/mtf","SOURCEDATE":1638403200000,"VAL_METHOD":"IMAGERY","VAL_DATE":1391990400000,"WEBSITE":"https://eglin.tricare.mil/","STATE_ID":"58","ALT_NAME":"EGLIN AIR FORCE BASE","ST_FIPS":"12","OWNER":"GOVERNMENT - FEDERAL","TTL_STAFF":-999,"BEDS":-999,"TRAUMA":"NOT AVAILABLE","HELIPAD":"Y"}},{"type":"Feature","id":1180,"geometry":{"type":"Point","coordinates":[-73.9771370399999,41.40187124]},"properties":{"FID":1180,"OBJECTID":1266,"ID":"0000000009","NAME":"KELLER ARMY COMMUNITY HOSPITAL","ADDRESS":"900 WASHINGTON ROAD","CITY":"WEST POINT","STATE":"NY","ZIP":"10996","ZIP4":"1197","TELEPHONE":"(845) 938-5169","TYPE":"MILITARY","STATUS":"OPEN","POPULATION":20,"COUNTY":"ORANGE","COUNTYFIPS":"36071","COUNTRY":"USA","LATITUDE":41.40187124,"LONGITUDE":-73.97713704,"NAICS_CODE":"622110","NAICS_DESC":"GENERAL MEDICAL AND SURGICAL HOSPITALS","SOURCE":"https://tricare.mil/finddoctor/mtf","SOURCEDATE":1638403200000,"VAL_METHOD":"IMAGERY/OTHER","VAL_DATE":1438041600000,"WEBSITE":"https://keller.tricare.mil/","STATE_ID":"20","ALT_NAME":"WEST POINT","ST_FIPS":"36","OWNER":"GOVERNMENT - FEDERAL","TTL_STAFF":-999,"BEDS":20,"TRAUMA":"NOT AVAILABLE","HELIPAD":"Y"}},{"type":"Feature","id":1181,"geometry":{"type":"Point","coordinates":[-115.04928189,36.24602701]},"properties":{"FID":1181,"OBJECTID":1193,"ID":"0000000021","NAME":"99TH MEDICAL GROUP - MIKE O'CALLAGHAN MILITARY MEDICAL CENTER","ADDRESS":"4700 NORTH LAS VEGAS BLVD, BUILDING 1300","CITY":"NELLIS AFB","STATE":"NV","ZIP":"89191","ZIP4":"NOT AVAILABLE","TELEPHONE":"(702) 653-2273","TYPE":"MILITARY","STATUS":"OPEN","POPULATION":-999,"COUNTY":"CLARK","COUNTYFIPS":"32003","COUNTRY":"USA","LATITUDE":36.24602701,"LONGITUDE":-115.04928189,"NAICS_CODE":"622110","NAICS_DESC":"GENERAL MEDICAL AND SURGICAL HOSPITALS","SOURCE":"https://tricare.mil/finddoctor/mtf","SOURCEDATE":1638403200000,"VAL_METHOD":"IMAGERY/OTHER","VAL_DATE":1438041600000,"WEBSITE":"https://nellis.tricare.mil/","STATE_ID":"118","ALT_NAME":"NELLIS AIR FORCE BASE","ST_FIPS":"32","OWNER":"GOVERNMENT - FEDERAL","TTL_STAFF":-999,"BEDS":-999,"TRAUMA":"NOT AVAILABLE","HELIPAD":"Y"}},{"type":"Feature","id":1182,"geometry":{"type":"Point","coordinates":[-97.7104004,31.0746998000001]},"properties":{"FID":1182,"OBJECTID":1267,"ID":"0196784533","NAME":"KILLEEN MEDICAL HOME","ADDRESS":"3404 KAYDENCE COURT","CITY":"KILLEEN","STATE":"TX","ZIP":"76542","ZIP4":"NOT AVAILABLE","TELEPHONE":"(254) 553-6001","TYPE":"MILITARY","STATUS":"OPEN","POPULATION":-999,"COUNTY":"BELL","COUNTYFIPS":"48027","COUNTRY":"USA","LATITUDE":31.0746998,"LONGITUDE":-97.7104004,"NAICS_CODE":"622110","NAICS_DESC":"GENERAL MEDICAL AND SURGICAL HOSPITALS","SOURCE":"https://tricare.mil/finddoctor/mtf","SOURCEDATE":1638403200000,"VAL_METHOD":"IMAGERY/OTHER","VAL_DATE":1648771200000,"WEBSITE":"http://darnall.tricare.mil/Clinics/Killeen-Medical-Home","STATE_ID":"808","ALT_NAME":"DARNALL ARMY MEDICAL CENTER","ST_FIPS":"48","OWNER":"GOVERNMENT - FEDERAL","TTL_STAFF":-999,"BEDS":-999,"TRAUMA":"NOT AVAILABLE","HELIPAD":"N"}},{"type":"Feature","id":1183,"geometry":{"type":"Point","coordinates":[-121.34158828,39.11515208]},"properties":{"FID":1183,"OBJECTID":1194,"ID":"0000000086","NAME":"9TH MEDICAL GROUP","ADDRESS":"15301 WARREN SHINGLE ROAD","CITY":"BEALE AFB","STATE":"CA","ZIP":"95903","ZIP4":"1907","TELEPHONE":"(530) 634-2941","TYPE":"MILITARY","STATUS":"OPEN","POPULATION":-999,"COUNTY":"YUBA","COUNTYFIPS":"06115","COUNTRY":"USA","LATITUDE":39.11515208,"LONGITUDE":-121.34158828,"NAICS_CODE":"622110","NAICS_DESC":"GENERAL MEDICAL AND SURGICAL HOSPITALS","SOURCE":"https://tricare.mil/finddoctor/mtf","SOURCEDATE":1638403200000,"VAL_METHOD":"IMAGERY","VAL_DATE":1424304000000,"WEBSITE":"https://beale.tricare.mil/","STATE_ID":"158","ALT_NAME":"BEALE AIR FORCE BASE","ST_FIPS":"06","OWNER":"GOVERNMENT - FEDERAL","TTL_STAFF":-999,"BEDS":-999,"TRAUMA":"NOT AVAILABLE","HELIPAD":"N"}},{"type":"Feature","id":1184,"geometry":{"type":"Point","coordinates":[-76.7285714,39.0981144]},"properties":{"FID":1184,"OBJECTID":1268,"ID":"0196784534","NAME":"KIMBROUGH AMBULATORY CARE CENTER","ADDRESS":"2480 LLEWELLYN AVENUE, SUITE 5800","CITY":"FORT MEADE","STATE":"MD","ZIP":"20755","ZIP4":"5129","TELEPHONE":"(301) 677-8800","TYPE":"MILITARY","STATUS":"OPEN","POPULATION":-999,"COUNTY":"ANNE ARUNDEL","COUNTYFIPS":"24003","COUNTRY":"USA","LATITUDE":39.0981144,"LONGITUDE":-76.7285714,"NAICS_CODE":"622110","NAICS_DESC":"GENERAL MEDICAL AND SURGICAL HOSPITALS","SOURCE":"https://tricare.mil/finddoctor/mtf","SOURCEDATE":1638403200000,"VAL_METHOD":"IMAGERY/OTHER","VAL_DATE":1646179200000,"WEBSITE":"https://kimbrough.tricare.mil/","STATE_ID":"9","ALT_NAME":"FORT GEORGE G. MEADE","ST_FIPS":"24","OWNER":"GOVERNMENT - FEDERAL","TTL_STAFF":-999,"BEDS":-999,"TRAUMA":"NOT AVAILABLE","HELIPAD":"N"}},{"type":"Feature","id":1185,"geometry":{"type":"Point","coordinates":[-122.55160462,47.10837883]},"properties":{"FID":1185,"OBJECTID":1195,"ID":"0196784475","NAME":"ALLEN SOLDER - CENTERED MEDICAL HOME","ADDRESS":"9040A JACKSON AVENUE","CITY":"TACOMA","STATE":"WA","ZIP":"98431","ZIP4":"1100","TELEPHONE":"(253) 968-1110","TYPE":"MILITARY","STATUS":"OPEN","POPULATION":-999,"COUNTY":"PIERCE","COUNTYFIPS":"53053","COUNTRY":"USA","LATITUDE":47.10837883,"LONGITUDE":-122.55160462,"NAICS_CODE":"622110","NAICS_DESC":"GENERAL MEDICAL AND SURGICAL HOSPITALS","SOURCE":"https://tricare.mil/finddoctor/mtf","SOURCEDATE":1638403200000,"VAL_METHOD":"IMAGERY/OTHER","VAL_DATE":1648771200000,"WEBSITE":"https://madigan.tricare.mil/Clinics/Allen-Soldier-Centered-Medical-Home","STATE_ID":"246","ALT_NAME":"JOINT BASE LEWIS - MCCHORD, WASHINGTON","ST_FIPS":"53","OWNER":"GOVERNMENT - FEDERAL","TTL_STAFF":-999,"BEDS":-999,"TRAUMA":"NOT AVAILABLE","HELIPAD":"N"}},{"type":"Feature","id":1186,"geometry":{"type":"Point","coordinates":[-79.0303824,35.2543434]},"properties":{"FID":1186,"OBJECTID":1269,"ID":"0196784535","NAME":"LINDEN OAKS MEDICAL HOME","ADDRESS":"55 CENTENNIAL PARKWAY","CITY":"CAMERON","STATE":"NC","ZIP":"28326","ZIP4":"NOT AVAILABLE","TELEPHONE":"(910) 908-6257","TYPE":"MILITARY","STATUS":"OPEN","POPULATION":-999,"COUNTY":"HARNETT","COUNTYFIPS":"37085","COUNTRY":"USA","LATITUDE":35.2543434,"LONGITUDE":-79.0303824,"NAICS_CODE":"622110","NAICS_DESC":"GENERAL MEDICAL AND SURGICAL HOSPITALS","SOURCE":"https://tricare.mil/finddoctor/mtf","SOURCEDATE":1638403200000,"VAL_METHOD":"IMAGERY/OTHER","VAL_DATE":1648771200000,"WEBSITE":"https://womack.tricare.mil/Clinics/Linden-Oaks-Medical-Home","STATE_ID":"722","ALT_NAME":"FORT BRAGG","ST_FIPS":"37","OWNER":"GOVERNMENT - FEDERAL","TTL_STAFF":-999,"BEDS":-999,"TRAUMA":"NOT AVAILABLE","HELIPAD":"N"}},{"type":"Feature","id":1187,"geometry":{"type":"Point","coordinates":[-86.03722685,35.3839551200001]},"properties":{"FID":1187,"OBJECTID":1199,"ID":"0196784479","NAME":"ARNOLD AFB","ADDRESS":"225 VON KARMAN ROAD","CITY":"ARNOLD AFB","STATE":"TN","ZIP":"37389","ZIP4":"NOT AVAILABLE","TELEPHONE":"(931) 454-5351","TYPE":"MILITARY","STATUS":"OPEN","POPULATION":-999,"COUNTY":"COFFEE","COUNTYFIPS":"47031","COUNTRY":"USA","LATITUDE":35.38395512,"LONGITUDE":-86.03722685,"NAICS_CODE":"622110","NAICS_DESC":"GENERAL MEDICAL AND SURGICAL HOSPITALS","SOURCE":"https://tricare.mil/finddoctor/mtf","SOURCEDATE":1638403200000,"VAL_METHOD":"IMAGERY/OTHER","VAL_DATE":1648771200000,"WEBSITE":"http://www.arnold.af.mil/Home/Newcomer-Information","STATE_ID":"363","ALT_NAME":"ARNOLD MEDICAL AID STATION","ST_FIPS":"47","OWNER":"GOVERNMENT - FEDERAL","TTL_STAFF":-999,"BEDS":-999,"TRAUMA":"NOT AVAILABLE","HELIPAD":"N"}},{"type":"Feature","id":1188,"geometry":{"type":"Point","coordinates":[-84.9281850899999,32.37180614]},"properties":{"FID":1188,"OBJECTID":1270,"ID":"0017731905","NAME":"MARTIN ARMY COMMUNITY HOSPITAL","ADDRESS":"6600 VAN AALST BOULEVARD","CITY":"FORT BENNING","STATE":"GA","ZIP":"31905","ZIP4":"5637","TELEPHONE":"(762) 408-2604","TYPE":"MILITARY","STATUS":"OPEN","POPULATION":57,"COUNTY":"CHATTAHOOCHEE","COUNTYFIPS":"13053","COUNTRY":"USA","LATITUDE":32.37180614,"LONGITUDE":-84.92818509,"NAICS_CODE":"622110","NAICS_DESC":"GENERAL MEDICAL AND SURGICAL HOSPITALS","SOURCE":"https://tricare.mil/finddoctor/mtf","SOURCEDATE":1638403200000,"VAL_METHOD":"IMAGERY","VAL_DATE":1381708800000,"WEBSITE":"https://martin.tricare.mil/","STATE_ID":"94","ALT_NAME":"FORT BENNING","ST_FIPS":"13","OWNER":"GOVERNMENT - FEDERAL","TTL_STAFF":-999,"BEDS":57,"TRAUMA":"NOT AVAILABLE","HELIPAD":"Y"}},{"type":"Feature","id":1189,"geometry":{"type":"Point","coordinates":[-98.4159233,29.4603228600001]},"properties":{"FID":1189,"OBJECTID":1200,"ID":"0196784480","NAME":"BAMC PEDIATRICS","ADDRESS":"3551 ROGER BROOKE DR","CITY":"FORT SAM HOUSTON","STATE":"TX","ZIP":"78234","ZIP4":"NOT AVAILABLE","TELEPHONE":"NOT AVAILABLE","TYPE":"MILITARY","STATUS":"OPEN","POPULATION":-999,"COUNTY":"BEXAR","COUNTYFIPS":"48029","COUNTRY":"USA","LATITUDE":29.46032286,"LONGITUDE":-98.4159233,"NAICS_CODE":"622110","NAICS_DESC":"GENERAL MEDICAL AND SURGICAL HOSPITALS","SOURCE":"https://tricare.mil/finddoctor/mtf","SOURCEDATE":1638403200000,"VAL_METHOD":"IMAGERY/OTHER","VAL_DATE":1648771200000,"WEBSITE":"https://bamc.tricare.mil/","STATE_ID":"693","ALT_NAME":"BROOKE ARMY MEDICAL CENTER","ST_FIPS":"48","OWNER":"GOVERNMENT - FEDERAL","TTL_STAFF":-999,"BEDS":-999,"TRAUMA":"NOT AVAILABLE","HELIPAD":"Y"}},{"type":"Feature","id":1190,"geometry":{"type":"Point","coordinates":[-147.66222916,64.8297002400001]},"properties":{"FID":1190,"OBJECTID":1204,"ID":"0000000022","NAME":"BASSETT ARMY COMMUNITY HOSPITAL","ADDRESS":"4076 NEELY ROAD","CITY":"FT. WAINWRIGHT","STATE":"AK","ZIP":"99703","ZIP4":"7400","TELEPHONE":"(800) 478-5172","TYPE":"MILITARY","STATUS":"OPEN","POPULATION":23,"COUNTY":"FAIRBANKS NORTH STAR","COUNTYFIPS":"02090","COUNTRY":"USA","LATITUDE":64.82970024,"LONGITUDE":-147.66222916,"NAICS_CODE":"622110","NAICS_DESC":"GENERAL MEDICAL AND SURGICAL HOSPITALS","SOURCE":"https://tricare.mil/finddoctor/mtf","SOURCEDATE":1638403200000,"VAL_METHOD":"IMAGERY/OTHER","VAL_DATE":1437696000000,"WEBSITE":"https://bassett-wainwright.tricare.mil/","STATE_ID":"189","ALT_NAME":"FORT WAINWRIGHT","ST_FIPS":"02","OWNER":"GOVERNMENT - FEDERAL","TTL_STAFF":-999,"BEDS":23,"TRAUMA":"NOT AVAILABLE","HELIPAD":"Y"}},{"type":"Feature","id":1191,"geometry":{"type":"Point","coordinates":[-76.57322626,37.1619543100001]},"properties":{"FID":1191,"OBJECTID":1273,"ID":"0013923604","NAME":"MCDONALD ARMY HEALTH CENTER","ADDRESS":"576 JEFFERSON AVENUE","CITY":"FORT EUSTIS","STATE":"VA","ZIP":"23604","ZIP4":"5567","TELEPHONE":"(757) 314-7500","TYPE":"MILITARY","STATUS":"OPEN","POPULATION":30,"COUNTY":"NEWPORT NEWS CITY","COUNTYFIPS":"51700","COUNTRY":"USA","LATITUDE":37.16195431,"LONGITUDE":-76.57322626,"NAICS_CODE":"622110","NAICS_DESC":"GENERAL MEDICAL AND SURGICAL HOSPITALS","SOURCE":"https://tricare.mil/finddoctor/mtf","SOURCEDATE":1638403200000,"VAL_METHOD":"IMAGERY/OTHER","VAL_DATE":1555372800000,"WEBSITE":"https://mcdonald.tricare.mil/","STATE_ID":"33","ALT_NAME":"FORT EUSTIS","ST_FIPS":"51","OWNER":"GOVERNMENT - FEDERAL","TTL_STAFF":-999,"BEDS":30,"TRAUMA":"NOT AVAILABLE","HELIPAD":"N"}},{"type":"Feature","id":1192,"geometry":{"type":"Point","coordinates":[-93.2138014,31.0624557]},"properties":{"FID":1192,"OBJECTID":1205,"ID":"0181671459","NAME":"BAYNE JONES ARMY COMMUNITY HOSPITAL","ADDRESS":"1585 3RD STREET, BUILDING 285","CITY":"FORT POLK","STATE":"LA","ZIP":"71459","ZIP4":"5110","TELEPHONE":"(337) 531-3118","TYPE":"MILITARY","STATUS":"OPEN","POPULATION":22,"COUNTY":"VERNON","COUNTYFIPS":"22115","COUNTRY":"USA","LATITUDE":31.0624557,"LONGITUDE":-93.2138014,"NAICS_CODE":"622110","NAICS_DESC":"GENERAL MEDICAL AND SURGICAL HOSPITALS","SOURCE":"https://tricare.mil/finddoctor/mtf","SOURCEDATE":1638403200000,"VAL_METHOD":"IMAGERY/OTHER","VAL_DATE":1557964800000,"WEBSITE":"https://bayne-jones.tricare.mil","STATE_ID":"NOT AVAILABLE","ALT_NAME":"FORT POLK","ST_FIPS":"22","OWNER":"GOVERNMENT - FEDERAL","TTL_STAFF":-999,"BEDS":22,"TRAUMA":"NOT AVAILABLE","HELIPAD":"Y"}},{"type":"Feature","id":1193,"geometry":{"type":"Point","coordinates":[-94.9249508,39.3553971000001]},"properties":{"FID":1193,"OBJECTID":1275,"ID":"0196784538","NAME":"MUNSON ARMY HEALTH CENTER","ADDRESS":"550 POPE AVENUE","CITY":"FORT LEAVENWORTH","STATE":"KS","ZIP":"66027","ZIP4":"2332","TELEPHONE":"(888) 269-0109","TYPE":"MILITARY","STATUS":"OPEN","POPULATION":-999,"COUNTY":"LEAVENWORTH","COUNTYFIPS":"20103","COUNTRY":"USA","LATITUDE":39.3553971,"LONGITUDE":-94.9249508,"NAICS_CODE":"622110","NAICS_DESC":"GENERAL MEDICAL AND SURGICAL HOSPITALS","SOURCE":"https://tricare.mil/finddoctor/mtf","SOURCEDATE":1638403200000,"VAL_METHOD":"IMAGERY/OTHER","VAL_DATE":1648771200000,"WEBSITE":"https://Munson.tricare.mil","STATE_ID":"134","ALT_NAME":"FORT LEAVENWORTH","ST_FIPS":"20","OWNER":"GOVERNMENT - FEDERAL","TTL_STAFF":-999,"BEDS":-999,"TRAUMA":"NOT AVAILABLE","HELIPAD":"N"}},{"type":"Feature","id":1194,"geometry":{"type":"Point","coordinates":[-75.9605789,36.7746353000001]},"properties":{"FID":1194,"OBJECTID":1207,"ID":"0196784485","NAME":"BHC DAM NECK ANNEX","ADDRESS":"1885 TERRIER AVE, BUILDING 504, SUITE 201 AND SUITE 203","CITY":"VIRGINIA BEACH","STATE":"VA","ZIP":"23461","ZIP4":"NOT AVAILABLE","TELEPHONE":"(757) 953-9850","TYPE":"MILITARY","STATUS":"OPEN","POPULATION":-999,"COUNTY":"VIRGINIA BEACH CITY","COUNTYFIPS":"51810","COUNTRY":"USA","LATITUDE":36.7746353,"LONGITUDE":-75.9605789,"NAICS_CODE":"622110","NAICS_DESC":"GENERAL MEDICAL AND SURGICAL HOSPITALS","SOURCE":"https://tricare.mil/finddoctor/mtf","SOURCEDATE":1638403200000,"VAL_METHOD":"IMAGERY/OTHER","VAL_DATE":1648771200000,"WEBSITE":"https://portsmouth.tricare.mil/Clinics/Dam-Neck-Annex","STATE_ID":"48","ALT_NAME":"DAM NECK ANNEX","ST_FIPS":"51","OWNER":"GOVERNMENT - FEDERAL","TTL_STAFF":-999,"BEDS":-999,"TRAUMA":"NOT AVAILABLE","HELIPAD":"N"}},{"type":"Feature","id":1195,"geometry":{"type":"Point","coordinates":[-80.6822799299999,32.3894647000001]},"properties":{"FID":1195,"OBJECTID":1290,"ID":"0000000011","NAME":"NAVAL HOSPITAL BEAUFORT","ADDRESS":"1 PINCKNEY BOULEVARD","CITY":"BEAUFORT","STATE":"SC","ZIP":"29902","ZIP4":"6148","TELEPHONE":"(843) 228-5600","TYPE":"MILITARY","STATUS":"OPEN","POPULATION":-999,"COUNTY":"BEAUFORT","COUNTYFIPS":"45013","COUNTRY":"USA","LATITUDE":32.3894647,"LONGITUDE":-80.68227993,"NAICS_CODE":"622110","NAICS_DESC":"GENERAL MEDICAL AND SURGICAL HOSPITALS","SOURCE":"https://tricare.mil/finddoctor/mtf","SOURCEDATE":1638403200000,"VAL_METHOD":"IMAGERY/OTHER","VAL_DATE":1438041600000,"WEBSITE":"https://beaufort.tricare.mil","STATE_ID":"107","ALT_NAME":"NAVAL HOSPITAL BEAUFORT","ST_FIPS":"45","OWNER":"GOVERNMENT - FEDERAL","TTL_STAFF":-999,"BEDS":-999,"TRAUMA":"NOT AVAILABLE","HELIPAD":"N"}},{"type":"Feature","id":1196,"geometry":{"type":"Point","coordinates":[-87.4474845,36.6366409]},"properties":{"FID":1196,"OBJECTID":1208,"ID":"0181742223","NAME":"BLANCHFIELD ARMY COMMUNITY HOSPITAL","ADDRESS":"650 JOEL DRIVE","CITY":"FORT CAMPBELL","STATE":"KY","ZIP":"42223","ZIP4":"5349","TELEPHONE":"(270) 798-8400","TYPE":"MILITARY","STATUS":"OPEN","POPULATION":41,"COUNTY":"MONTGOMERY","COUNTYFIPS":"47125","COUNTRY":"USA","LATITUDE":36.6366409,"LONGITUDE":-87.4474845,"NAICS_CODE":"622110","NAICS_DESC":"GENERAL MEDICAL AND SURGICAL HOSPITALS","SOURCE":"https://tricare.mil/finddoctor/mtf","SOURCEDATE":1638403200000,"VAL_METHOD":"IMAGERY/OTHER","VAL_DATE":1557964800000,"WEBSITE":"https://blanchfield.tricare.mil/","STATE_ID":"53","ALT_NAME":"FORT CAMPBELL","ST_FIPS":"47","OWNER":"GOVERNMENT - FEDERAL","TTL_STAFF":-999,"BEDS":41,"TRAUMA":"NOT AVAILABLE","HELIPAD":"Y"}},{"type":"Feature","id":1197,"geometry":{"type":"Point","coordinates":[-122.69156053,47.59499772]},"properties":{"FID":1197,"OBJECTID":1291,"ID":"0001098312","NAME":"NAVAL HOSPITAL BREMERTON","ADDRESS":"1 BOONE RD","CITY":"BREMERTON","STATE":"WA","ZIP":"98312","ZIP4":"1898","TELEPHONE":"(360) 475-4000","TYPE":"MILITARY","STATUS":"OPEN","POPULATION":40,"COUNTY":"KITSAP","COUNTYFIPS":"53035","COUNTRY":"USA","LATITUDE":47.59499772,"LONGITUDE":-122.69156053,"NAICS_CODE":"622110","NAICS_DESC":"GENERAL MEDICAL AND SURGICAL HOSPITALS","SOURCE":"https://tricare.mil/finddoctor/mtf","SOURCEDATE":1638403200000,"VAL_METHOD":"IMAGERY","VAL_DATE":1586131200000,"WEBSITE":"https://bremerton.tricare.mil","STATE_ID":"247","ALT_NAME":"NAVAL HOSPITAL BREMERTON","ST_FIPS":"53","OWNER":"GOVERNMENT - FEDERAL","TTL_STAFF":-999,"BEDS":40,"TRAUMA":"NOT AVAILABLE","HELIPAD":"Y"}},{"type":"Feature","id":1198,"geometry":{"type":"Point","coordinates":[-98.41559126,29.4600959800001]},"properties":{"FID":1198,"OBJECTID":1227,"ID":"0000000025","NAME":"BROOKE ARMY MEDICAL CENTER","ADDRESS":"3551 ROGER BROOKE DRIVE, BUILDING 3600","CITY":"FORT SAM HOUSTON","STATE":"TX","ZIP":"78234","ZIP4":"6200","TELEPHONE":"(210) 916-4141","TYPE":"MILITARY","STATUS":"OPEN","POPULATION":483,"COUNTY":"BEXAR","COUNTYFIPS":"48029","COUNTRY":"USA","LATITUDE":29.46009598,"LONGITUDE":-98.41559126,"NAICS_CODE":"622110","NAICS_DESC":"GENERAL MEDICAL AND SURGICAL HOSPITALS","SOURCE":"https://tricare.mil/finddoctor/mtf","SOURCEDATE":1638403200000,"VAL_METHOD":"IMAGERY/OTHER","VAL_DATE":1438041600000,"WEBSITE":"http://bamc.tricare.mil","STATE_ID":"80","ALT_NAME":"FORT SAM HOUSTON, SAN ANTONIO MILITARY MEDICAL CENTER","ST_FIPS":"48","OWNER":"GOVERNMENT - FEDERAL","TTL_STAFF":-999,"BEDS":483,"TRAUMA":"LEVEL I","HELIPAD":"Y"}},{"type":"Feature","id":1199,"geometry":{"type":"Point","coordinates":[-117.3888045,33.2213161]},"properties":{"FID":1199,"OBJECTID":1292,"ID":"0181992055","NAME":"NAVAL HOSPITAL CAMP PENDLETON","ADDRESS":"200 MERCY CIRCLE","CITY":"CAMP PENDLETON","STATE":"CA","ZIP":"92055","ZIP4":"5191","TELEPHONE":"(760) 725-1288","TYPE":"MILITARY","STATUS":"OPEN","POPULATION":42,"COUNTY":"SAN DIEGO","COUNTYFIPS":"06073","COUNTRY":"USA","LATITUDE":33.2213161,"LONGITUDE":-117.3888045,"NAICS_CODE":"622110","NAICS_DESC":"GENERAL MEDICAL AND SURGICAL HOSPITALS","SOURCE":"https://tricare.mil/finddoctor/mtf","SOURCEDATE":1638403200000,"VAL_METHOD":"IMAGERY/OTHER","VAL_DATE":1557964800000,"WEBSITE":"https://www.camp-pendleton.tricare.mil","STATE_ID":"514","ALT_NAME":"CAMP PENDLETON","ST_FIPS":"06","OWNER":"GOVERNMENT - FEDERAL","TTL_STAFF":-999,"BEDS":42,"TRAUMA":"NOT AVAILABLE","HELIPAD":"Y"}},{"type":"Feature","id":1200,"geometry":{"type":"Point","coordinates":[-87.45199952,36.60436851]},"properties":{"FID":1200,"OBJECTID":1228,"ID":"0196784503","NAME":"BYRD ARMY MEDICAL HOME","ADDRESS":"7973 THUNDER BLVD","CITY":"FORT CAMPBELL","STATE":"KY","ZIP":"42223","ZIP4":"NOT AVAILABLE","TELEPHONE":"(270) 461-1212","TYPE":"MILITARY","STATUS":"OPEN","POPULATION":-999,"COUNTY":"MONTGOMERY","COUNTYFIPS":"47125","COUNTRY":"USA","LATITUDE":36.60436851,"LONGITUDE":-87.45199952,"NAICS_CODE":"622110","NAICS_DESC":"GENERAL MEDICAL AND SURGICAL HOSPITALS","SOURCE":"https://tricare.mil/finddoctor/mtf","SOURCEDATE":1638403200000,"VAL_METHOD":"IMAGERY/OTHER","VAL_DATE":1648771200000,"WEBSITE":"https://blanchfield.tricare.mil/Clinics/Byrd-Family-Medical-Home","STATE_ID":"728","ALT_NAME":"FORT CAMPBELL","ST_FIPS":"47","OWNER":"GOVERNMENT - FEDERAL","TTL_STAFF":-999,"BEDS":-999,"TRAUMA":"NOT AVAILABLE","HELIPAD":"N"}},{"type":"Feature","id":1201,"geometry":{"type":"Point","coordinates":[-81.68410578,30.20883704]},"properties":{"FID":1201,"OBJECTID":1293,"ID":"0044132214","NAME":"NAVAL HOSPITAL JACKSONVILLE","ADDRESS":"2080 CHILD ST","CITY":"JACKSONVILLE","STATE":"FL","ZIP":"32214","ZIP4":"NOT AVAILABLE","TELEPHONE":"(904) 542-7300","TYPE":"MILITARY","STATUS":"OPEN","POPULATION":64,"COUNTY":"DUVAL","COUNTYFIPS":"12031","COUNTRY":"USA","LATITUDE":30.20883704,"LONGITUDE":-81.68410578,"NAICS_CODE":"622110","NAICS_DESC":"GENERAL MEDICAL AND SURGICAL HOSPITALS","SOURCE":"https://tricare.mil/finddoctor/mtf","SOURCEDATE":1638403200000,"VAL_METHOD":"IMAGERY","VAL_DATE":1383868800000,"WEBSITE":"https://jacksonville.tricare.mil/","STATE_ID":"847","ALT_NAME":"NAVAL AIR STATION JACKSONVILLE","ST_FIPS":"12","OWNER":"GOVERNMENT - FEDERAL","TTL_STAFF":-999,"BEDS":64,"TRAUMA":"NOT AVAILABLE","HELIPAD":"N"}},{"type":"Feature","id":1202,"geometry":{"type":"Point","coordinates":[-87.4850418999999,36.668554]},"properties":{"FID":1202,"OBJECTID":1231,"ID":"0196784506","NAME":"CAMPBELL AIRFIELD MEDICAL HOME","ADDRESS":"7149 BLACK SHEEP RUN","CITY":"FORT CAMPBELL","STATE":"KY","ZIP":"42223","ZIP4":"NOT AVAILABLE","TELEPHONE":"(270) 798-4677","TYPE":"MILITARY","STATUS":"OPEN","POPULATION":-999,"COUNTY":"CHRISTIAN","COUNTYFIPS":"21047","COUNTRY":"USA","LATITUDE":36.668554,"LONGITUDE":-87.4850419,"NAICS_CODE":"622110","NAICS_DESC":"GENERAL MEDICAL AND SURGICAL HOSPITALS","SOURCE":"https://tricare.mil/finddoctor/mtf","SOURCEDATE":1638403200000,"VAL_METHOD":"IMAGERY/OTHER","VAL_DATE":1648771200000,"WEBSITE":"https://blanchfield.tricare.mil/Clinics/Campbell-Airfield-Medical-Home","STATE_ID":"727","ALT_NAME":"FORT CAMPBELL","ST_FIPS":"21","OWNER":"GOVERNMENT - FEDERAL","TTL_STAFF":-999,"BEDS":-999,"TRAUMA":"NOT AVAILABLE","HELIPAD":"N"}},{"type":"Feature","id":1203,"geometry":{"type":"Point","coordinates":[-87.29861569,30.39856995]},"properties":{"FID":1203,"OBJECTID":1294,"ID":"0000000015","NAME":"NAVAL HOSPITAL PENSACOLA","ADDRESS":"6000 WEST HIGHWAY 98","CITY":"PENSACOLA","STATE":"FL","ZIP":"32512","ZIP4":"0003","TELEPHONE":"(850) 505-6601","TYPE":"MILITARY","STATUS":"OPEN","POPULATION":-999,"COUNTY":"ESCAMBIA","COUNTYFIPS":"12033","COUNTRY":"USA","LATITUDE":30.39856995,"LONGITUDE":-87.29861569,"NAICS_CODE":"622110","NAICS_DESC":"GENERAL MEDICAL AND SURGICAL HOSPITALS","SOURCE":"https://tricare.mil/finddoctor/mtf","SOURCEDATE":1638403200000,"VAL_METHOD":"IMAGERY/OTHER","VAL_DATE":1437696000000,"WEBSITE":"https://pensacola.tricare.mil","STATE_ID":"61","ALT_NAME":"NAVAL HOSPITAL PENSACOLA","ST_FIPS":"12","OWNER":"GOVERNMENT - FEDERAL","TTL_STAFF":-999,"BEDS":-999,"TRAUMA":"NOT AVAILABLE","HELIPAD":"Y"}},{"type":"Feature","id":1204,"geometry":{"type":"Point","coordinates":[-87.86051071,42.3070482300001]},"properties":{"FID":1204,"OBJECTID":1232,"ID":"0004960064","NAME":"CAPTAIN JAMES A. LOVELL FEDERAL HEALTH CARE CENTER","ADDRESS":"3001 GREEN BAY ROAD","CITY":"NORTH CHICAGO","STATE":"IL","ZIP":"60064","ZIP4":"NOT AVAILABLE","TELEPHONE":"(847) 688-1900","TYPE":"MILITARY","STATUS":"OPEN","POPULATION":100,"COUNTY":"LAKE","COUNTYFIPS":"17097","COUNTRY":"USA","LATITUDE":42.30704823,"LONGITUDE":-87.86051071,"NAICS_CODE":"622110","NAICS_DESC":"GENERAL MEDICAL AND SURGICAL HOSPITALS","SOURCE":"https://tricare.mil/finddoctor/mtf","SOURCEDATE":1638403200000,"VAL_METHOD":"IMAGERY/OTHER","VAL_DATE":1432080000000,"WEBSITE":"https://www.lovell.fhcc.va.gov/","STATE_ID":"51","ALT_NAME":"CAPTAIN JAMES A. LOVELL FEDERAL HEALTH CARE CENTER, NAVAL STATION, GREAT LAKES","ST_FIPS":"17","OWNER":"GOVERNMENT - FEDERAL","TTL_STAFF":-999,"BEDS":100,"TRAUMA":"NOT AVAILABLE","HELIPAD":"Y"}},{"type":"Feature","id":1205,"geometry":{"type":"Point","coordinates":[-116.04879378,34.2270664700001]},"properties":{"FID":1205,"OBJECTID":1295,"ID":"0000000035","NAME":"NAVAL HOSPITAL TWENTYNINE PALMS","ADDRESS":"STURGIS STREET, BUILDING 1145, MCAGCC","CITY":"TWENTYNINE PALMS","STATE":"CA","ZIP":"92278","ZIP4":"8250","TELEPHONE":"(760) 830-2190","TYPE":"MILITARY","STATUS":"OPEN","POPULATION":19,"COUNTY":"SAN BERNARDINO","COUNTYFIPS":"06071","COUNTRY":"USA","LATITUDE":34.22706647,"LONGITUDE":-116.04879378,"NAICS_CODE":"622110","NAICS_DESC":"GENERAL MEDICAL AND SURGICAL HOSPITALS","SOURCE":"https://tricare.mil/finddoctor/mtf","SOURCEDATE":1638403200000,"VAL_METHOD":"IMAGERY/OTHER","VAL_DATE":1437696000000,"WEBSITE":"https://twentynine-palms.tricare.mil","STATE_ID":"146","ALT_NAME":"MARINE CORPS AIR GROUND COMBAT CENTER","ST_FIPS":"06","OWNER":"GOVERNMENT - FEDERAL","TTL_STAFF":-999,"BEDS":19,"TRAUMA":"NOT AVAILABLE","HELIPAD":"Y"}},{"type":"Feature","id":1206,"geometry":{"type":"Point","coordinates":[-97.7742904,31.1309055300001]},"properties":{"FID":1206,"OBJECTID":1234,"ID":"0000000004","NAME":"CARL R. DARNALL ARMY MEDICAL CENTER","ADDRESS":"36065 SANTA FE AVENUE","CITY":"FORT HOOD","STATE":"TX","ZIP":"76544","ZIP4":"4752","TELEPHONE":"(254) 288-8000","TYPE":"MILITARY","STATUS":"OPEN","POPULATION":128,"COUNTY":"BELL","COUNTYFIPS":"48027","COUNTRY":"USA","LATITUDE":31.13090553,"LONGITUDE":-97.7742904,"NAICS_CODE":"622110","NAICS_DESC":"GENERAL MEDICAL AND SURGICAL HOSPITALS","SOURCE":"https://tricare.mil/finddoctor/mtf","SOURCEDATE":1638403200000,"VAL_METHOD":"IMAGERY/OTHER","VAL_DATE":1438041600000,"WEBSITE":"http://darnall.tricare.mil/clinics/russell-collier-health-clinic","STATE_ID":"79","ALT_NAME":"FORT HOOD","ST_FIPS":"48","OWNER":"GOVERNMENT - FEDERAL","TTL_STAFF":-999,"BEDS":128,"TRAUMA":"LEVEL III","HELIPAD":"N"}},{"type":"Feature","id":1207,"geometry":{"type":"Point","coordinates":[-77.35805206,34.72306625]},"properties":{"FID":1207,"OBJECTID":1296,"ID":"0000000013","NAME":"NAVAL MEDICAL CENTER CAMP LEJEUNE","ADDRESS":"100 BREWSTER BOULEVARD","CITY":"CAMP LEJEUNE","STATE":"NC","ZIP":"28547","ZIP4":"5008","TELEPHONE":"(910) 451-3079","TYPE":"MILITARY","STATUS":"OPEN","POPULATION":60,"COUNTY":"ONSLOW","COUNTYFIPS":"37133","COUNTRY":"USA","LATITUDE":34.72306625,"LONGITUDE":-77.35805206,"NAICS_CODE":"622110","NAICS_DESC":"GENERAL MEDICAL AND SURGICAL HOSPITALS","SOURCE":"https://tricare.mil/finddoctor/mtf","SOURCEDATE":1638403200000,"VAL_METHOD":"IMAGERY/OTHER","VAL_DATE":1437782400000,"WEBSITE":"https://camp-lejeune.tricare.mil","STATE_ID":"24","ALT_NAME":"CAMP LEJEUNE MARINE CORPS BASE","ST_FIPS":"37","OWNER":"GOVERNMENT - FEDERAL","TTL_STAFF":-999,"BEDS":60,"TRAUMA":"LEVEL III","HELIPAD":"Y"}},{"type":"Feature","id":1208,"geometry":{"type":"Point","coordinates":[-72.1004210999999,41.3752134000001]},"properties":{"FID":1208,"OBJECTID":1236,"ID":"0196784509","NAME":"COAST GUARD ACADEMY","ADDRESS":"15 MOHEGAN AVENUE","CITY":"NEW LONDON","STATE":"CT","ZIP":"06320","ZIP4":"8103","TELEPHONE":"(860) 444-8402","TYPE":"MILITARY","STATUS":"OPEN","POPULATION":-999,"COUNTY":"NEW LONDON","COUNTYFIPS":"09011","COUNTRY":"USA","LATITUDE":41.3752134,"LONGITUDE":-72.1004211,"NAICS_CODE":"622110","NAICS_DESC":"GENERAL MEDICAL AND SURGICAL HOSPITALS","SOURCE":"https://tricare.mil/finddoctor/mtf","SOURCEDATE":1638403200000,"VAL_METHOD":"IMAGERY/OTHER","VAL_DATE":1648771200000,"WEBSITE":"http://www.uscg.mil/hq/cg1/cgaMedDiv/","STATE_ID":"379","ALT_NAME":"USCGA MEDICAL CLINIC","ST_FIPS":"09","OWNER":"GOVERNMENT - FEDERAL","TTL_STAFF":-999,"BEDS":-999,"TRAUMA":"NOT AVAILABLE","HELIPAD":"N"}},{"type":"Feature","id":1209,"geometry":{"type":"Point","coordinates":[-76.30576791,36.8454139300001]},"properties":{"FID":1209,"OBJECTID":1297,"ID":"0000000016","NAME":"NAVAL MEDICAL CENTER PORTSMOUTH","ADDRESS":"620 JOHN PAUL JONES CIRCLE","CITY":"PORTSMOUTH","STATE":"VA","ZIP":"23708","ZIP4":"2197","TELEPHONE":"(757) 953-5008","TYPE":"MILITARY","STATUS":"OPEN","POPULATION":202,"COUNTY":"PORTSMOUTH CITY","COUNTYFIPS":"51740","COUNTRY":"USA","LATITUDE":36.84541393,"LONGITUDE":-76.30576791,"NAICS_CODE":"622110","NAICS_DESC":"GENERAL MEDICAL AND SURGICAL HOSPITALS","SOURCE":"https://tricare.mil/finddoctor/mtf","SOURCEDATE":1638403200000,"VAL_METHOD":"IMAGERY/OTHER","VAL_DATE":1438128000000,"WEBSITE":"https://portsmouth.tricare.mil","STATE_ID":"41","ALT_NAME":"NAVAL MEDICAL CENTER","ST_FIPS":"51","OWNER":"GOVERNMENT - FEDERAL","TTL_STAFF":-999,"BEDS":202,"TRAUMA":"NOT AVAILABLE","HELIPAD":"Y"}},{"type":"Feature","id":1210,"geometry":{"type":"Point","coordinates":[-118.26841019,33.7247670200001]},"properties":{"FID":1210,"OBJECTID":1237,"ID":"0196784510","NAME":"COAST GUARD BASE LOS ANGELES - LONG BEACH","ADDRESS":"1001 S SEASIDE AVE, BUILDING 23","CITY":"SAN PEDRO","STATE":"CA","ZIP":"90731","ZIP4":"NOT AVAILABLE","TELEPHONE":"(310) 521-6050","TYPE":"MILITARY","STATUS":"OPEN","POPULATION":-999,"COUNTY":"LOS ANGELES","COUNTYFIPS":"06037","COUNTRY":"USA","LATITUDE":33.72476702,"LONGITUDE":-118.26841019,"NAICS_CODE":"622110","NAICS_DESC":"GENERAL MEDICAL AND SURGICAL HOSPITALS","SOURCE":"https://tricare.mil/finddoctor/mtf","SOURCEDATE":1638403200000,"VAL_METHOD":"IMAGERY/OTHER","VAL_DATE":1648771200000,"WEBSITE":"NOT AVAILABLE","STATE_ID":"412","ALT_NAME":"HSWL CLINICAL PRACTICE LOS ANGELES - LONG BEACH","ST_FIPS":"06","OWNER":"GOVERNMENT - FEDERAL","TTL_STAFF":-999,"BEDS":-999,"TRAUMA":"NOT AVAILABLE","HELIPAD":"N"}},{"type":"Feature","id":1211,"geometry":{"type":"Point","coordinates":[-123.8824535,46.1540113]},"properties":{"FID":1211,"OBJECTID":1238,"ID":"0196784511","NAME":"COAST GUARD SECTOR COLUMBIA RIVER","ADDRESS":"2185 SE 12TH PLACE","CITY":"WARRENTON","STATE":"OR","ZIP":"97146","ZIP4":"NOT AVAILABLE","TELEPHONE":"(503) 861-6240","TYPE":"MILITARY","STATUS":"OPEN","POPULATION":-999,"COUNTY":"CLATSOP","COUNTYFIPS":"41007","COUNTRY":"USA","LATITUDE":46.1540113,"LONGITUDE":-123.8824535,"NAICS_CODE":"622110","NAICS_DESC":"GENERAL MEDICAL AND SURGICAL HOSPITALS","SOURCE":"https://tricare.mil/finddoctor/mtf","SOURCEDATE":1638403200000,"VAL_METHOD":"IMAGERY/OTHER","VAL_DATE":1648771200000,"WEBSITE":"http://www.uscg.mil/d13/sectcolrvr/services/medical.asp","STATE_ID":"398","ALT_NAME":"SECTOR COLUMBIA RIVER HEALTH, SAFETY AND WORKLIFE PRACTICE","ST_FIPS":"41","OWNER":"GOVERNMENT - FEDERAL","TTL_STAFF":-999,"BEDS":-999,"TRAUMA":"NOT AVAILABLE","HELIPAD":"N"}},{"type":"Feature","id":1212,"geometry":{"type":"Point","coordinates":[-75.7920599,44.0553640000001]},"properties":{"FID":1212,"OBJECTID":1240,"ID":"0196784513","NAME":"CONNER ARMY MEDICAL HOME","ADDRESS":"10205 N RIVA RIDGE LOOP, SUITE P10506","CITY":"FORT DRUM","STATE":"NY","ZIP":"13602","ZIP4":"NOT AVAILABLE","TELEPHONE":"(315) 772-2778","TYPE":"MILITARY","STATUS":"OPEN","POPULATION":-999,"COUNTY":"JEFFERSON","COUNTYFIPS":"36045","COUNTRY":"USA","LATITUDE":44.055364,"LONGITUDE":-75.7920599,"NAICS_CODE":"622110","NAICS_DESC":"GENERAL MEDICAL AND SURGICAL HOSPITALS","SOURCE":"https://tricare.mil/finddoctor/mtf","SOURCEDATE":1638403200000,"VAL_METHOD":"IMAGERY/OTHER","VAL_DATE":1648771200000,"WEBSITE":"http://guthrie.tricare.mil/Clinics/Conner-Army-Medical-Home","STATE_ID":"735","ALT_NAME":"FORT DRUM","ST_FIPS":"36","OWNER":"GOVERNMENT - FEDERAL","TTL_STAFF":-999,"BEDS":-999,"TRAUMA":"NOT AVAILABLE","HELIPAD":"N"}},{"type":"Feature","id":1213,"geometry":{"type":"Point","coordinates":[-117.14593729,32.72752023]},"properties":{"FID":1213,"OBJECTID":1298,"ID":"0000000017","NAME":"NAVAL MEDICAL CENTER SAN DIEGO","ADDRESS":"34800 BOB WILSON DRIVE","CITY":"SAN DIEGO","STATE":"CA","ZIP":"92134","ZIP4":"NOT AVAILABLE","TELEPHONE":"(619) 532-6400","TYPE":"MILITARY","STATUS":"OPEN","POPULATION":272,"COUNTY":"SAN DIEGO","COUNTYFIPS":"06073","COUNTRY":"USA","LATITUDE":32.72752023,"LONGITUDE":-117.14593729,"NAICS_CODE":"622110","NAICS_DESC":"GENERAL MEDICAL AND SURGICAL HOSPITALS","SOURCE":"https://tricare.mil/finddoctor/mtf","SOURCEDATE":1638403200000,"VAL_METHOD":"IMAGERY/OTHER","VAL_DATE":1437696000000,"WEBSITE":"https://sandiego.tricare.mil","STATE_ID":"452","ALT_NAME":"NAVAL MEDICAL CENTER SAN DIEGO","ST_FIPS":"06","OWNER":"GOVERNMENT - FEDERAL","TTL_STAFF":-999,"BEDS":272,"TRAUMA":"NOT AVAILABLE","HELIPAD":"Y"}},{"type":"Feature","id":1214,"geometry":{"type":"Point","coordinates":[-97.90744841,31.11522662]},"properties":{"FID":1214,"OBJECTID":1241,"ID":"0196784514","NAME":"COPPERAS COVE MEDICAL HOME","ADDRESS":"458 TOWN SQUARE","CITY":"COPPERAS COVE","STATE":"TX","ZIP":"76522","ZIP4":"NOT AVAILABLE","TELEPHONE":"(254) 553-5801","TYPE":"MILITARY","STATUS":"OPEN","POPULATION":-999,"COUNTY":"CORYELL","COUNTYFIPS":"48099","COUNTRY":"USA","LATITUDE":31.11522662,"LONGITUDE":-97.90744841,"NAICS_CODE":"622110","NAICS_DESC":"GENERAL MEDICAL AND SURGICAL HOSPITALS","SOURCE":"https://tricare.mil/finddoctor/mtf","SOURCEDATE":1638403200000,"VAL_METHOD":"IMAGERY/OTHER","VAL_DATE":1648771200000,"WEBSITE":"http://darnall.tricare.mil/Clinics/Copperas-Cove-Medical-Home","STATE_ID":"806","ALT_NAME":"DARNALL ARMY MEDICAL CENTER","ST_FIPS":"48","OWNER":"GOVERNMENT - FEDERAL","TTL_STAFF":-999,"BEDS":-999,"TRAUMA":"NOT AVAILABLE","HELIPAD":"N"}},{"type":"Feature","id":1215,"geometry":{"type":"Point","coordinates":[-122.60169433,47.1273733300001]},"properties":{"FID":1215,"OBJECTID":1300,"ID":"0196784549","NAME":"OKUBO SOLDIER - CENTERED MEDICAL HOME","ADDRESS":"11582 C STREET","CITY":"JOINT BASE LEWIS-MCCHORD","STATE":"WA","ZIP":"98433","ZIP4":"NOT AVAILABLE","TELEPHONE":"(253) 966-1991","TYPE":"MILITARY","STATUS":"OPEN","POPULATION":-999,"COUNTY":"PIERCE","COUNTYFIPS":"53053","COUNTRY":"USA","LATITUDE":47.12737333,"LONGITUDE":-122.60169433,"NAICS_CODE":"622110","NAICS_DESC":"GENERAL MEDICAL AND SURGICAL HOSPITALS","SOURCE":"https://tricare.mil/finddoctor/mtf","SOURCEDATE":1638403200000,"VAL_METHOD":"IMAGERY/OTHER","VAL_DATE":1648771200000,"WEBSITE":"http://madigan.tricare.mil/Clinics/Okubo-Soldier-Centered-Medical-Home","STATE_ID":"707","ALT_NAME":"JOINT - BASE LEWIS MCCHORD","ST_FIPS":"53","OWNER":"GOVERNMENT - FEDERAL","TTL_STAFF":-999,"BEDS":-999,"TRAUMA":"NOT AVAILABLE","HELIPAD":"N"}},{"type":"Feature","id":1216,"geometry":{"type":"Point","coordinates":[-76.3957111399999,37.0536278600001]},"properties":{"FID":1216,"OBJECTID":1248,"ID":"0019423666","NAME":"DUMFRIES HEALTH CENTER","ADDRESS":"3700 FETTLER PARK DRIVE","CITY":"DUMFRIES","STATE":"VA","ZIP":"22025","ZIP4":"2050","TELEPHONE":"(703) 441-7500","TYPE":"MILITARY","STATUS":"OPEN","POPULATION":127,"COUNTY":"HAMPTON CITY","COUNTYFIPS":"51650","COUNTRY":"USA","LATITUDE":37.05362786,"LONGITUDE":-76.39571114,"NAICS_CODE":"622210","NAICS_DESC":"HOSPITALS, PSYCHIATRIC (EXCEPT CONVALESCENT)","SOURCE":"https://tricare.mil/finddoctor/mtf","SOURCEDATE":1638403200000,"VAL_METHOD":"IMAGERY","VAL_DATE":1488844800000,"WEBSITE":"https://belvoirhospital.tricare.mil/clinics/dumfries-health-center","STATE_ID":"23","ALT_NAME":"FORT BELVOIR","ST_FIPS":"51","OWNER":"GOVERNMENT - FEDERAL","TTL_STAFF":-999,"BEDS":127,"TRAUMA":"NOT AVAILABLE","HELIPAD":"N"}},{"type":"Feature","id":1217,"geometry":{"type":"Point","coordinates":[-110.35227366,31.5491681400001]},"properties":{"FID":1217,"OBJECTID":1302,"ID":"0069485613","NAME":"RAYMOND W. BLISS ARMY HEALTH CENTER","ADDRESS":"2240 E WINROW AVENUE, BUILDING 45001","CITY":"FORT HUACHUCA","STATE":"AZ","ZIP":"85613","ZIP4":"7079","TELEPHONE":"(520) 533-9061","TYPE":"MILITARY","STATUS":"OPEN","POPULATION":-999,"COUNTY":"COCHISE","COUNTYFIPS":"04003","COUNTRY":"USA","LATITUDE":31.54916814,"LONGITUDE":-110.35227366,"NAICS_CODE":"622110","NAICS_DESC":"GENERAL MEDICAL AND SURGICAL HOSPITALS","SOURCE":"https://tricare.mil/finddoctor/mtf","SOURCEDATE":1638403200000,"VAL_METHOD":"IMAGERY/OTHER","VAL_DATE":1621814400000,"WEBSITE":"https://raymond-bliss.tricare.mil","STATE_ID":"129","ALT_NAME":"FORT HUACHUCA","ST_FIPS":"04","OWNER":"GOVERNMENT - FEDERAL","TTL_STAFF":-999,"BEDS":-999,"TRAUMA":"NOT AVAILABLE","HELIPAD":"N"}},{"type":"Feature","id":1218,"geometry":{"type":"Point","coordinates":[-82.12589716,33.4303328500001]},"properties":{"FID":1218,"OBJECTID":1250,"ID":"0000000026","NAME":"DWIGHT D. EISENHOWER ARMY MEDICAL CENTER","ADDRESS":"300 EAST HOSPITAL ROAD","CITY":"FORT GORDON","STATE":"GA","ZIP":"30905","ZIP4":"5950","TELEPHONE":"(706) 787-5811","TYPE":"MILITARY","STATUS":"OPEN","POPULATION":125,"COUNTY":"RICHMOND","COUNTYFIPS":"13245","COUNTRY":"USA","LATITUDE":33.43033285,"LONGITUDE":-82.12589716,"NAICS_CODE":"622110","NAICS_DESC":"GENERAL MEDICAL AND SURGICAL HOSPITALS","SOURCE":"https://tricare.mil/finddoctor/mtf","SOURCEDATE":1638403200000,"VAL_METHOD":"IMAGERY/OTHER","VAL_DATE":1437696000000,"WEBSITE":"https://eisenhower.tricare.mil/","STATE_ID":"93","ALT_NAME":"FORT GORDON","ST_FIPS":"13","OWNER":"GOVERNMENT - FEDERAL","TTL_STAFF":-999,"BEDS":125,"TRAUMA":"NOT AVAILABLE","HELIPAD":"Y"}},{"type":"Feature","id":1219,"geometry":{"type":"Point","coordinates":[-157.890273,21.35964934]},"properties":{"FID":1219,"OBJECTID":1309,"ID":"0195696859","NAME":"TRIPLER ARMY MEDICAL CENTER","ADDRESS":"1 JARRETT WHITE ROAD","CITY":"TRIPLER AMC","STATE":"HI","ZIP":"96859","ZIP4":"NOT AVAILABLE","TELEPHONE":"(808) 433-6661","TYPE":"MILITARY","STATUS":"OPEN","POPULATION":450,"COUNTY":"HONOLULU","COUNTYFIPS":"15003","COUNTRY":"USA","LATITUDE":21.35964934,"LONGITUDE":-157.890273,"NAICS_CODE":"622110","NAICS_DESC":"GENERAL MEDICAL AND SURGICAL HOSPITALS","SOURCE":"https://tricare.mil/finddoctor/mtf","SOURCEDATE":1638403200000,"VAL_METHOD":"IMAGERY/OTHER","VAL_DATE":1588636800000,"WEBSITE":"https://tripler.tricare.mil","STATE_ID":"190","ALT_NAME":"TRIPLER ARMY MEDICAL CENTER","ST_FIPS":"15","OWNER":"GOVERNMENT - FEDERAL","TTL_STAFF":-999,"BEDS":450,"TRAUMA":"LEVEL II","HELIPAD":"Y"}},{"type":"Feature","id":1220,"geometry":{"type":"Point","coordinates":[-124.242333,43.4114667000001]},"properties":{"FID":1220,"OBJECTID":1313,"ID":"0196784556","NAME":"US COAST GUARD SECTOR NORTH BEND","ADDRESS":"2000 CONNECTICUT AVENUE","CITY":"NORTH BEND","STATE":"OR","ZIP":"97459","ZIP4":"NOT AVAILABLE","TELEPHONE":"(541) 756-9234","TYPE":"MILITARY","STATUS":"OPEN","POPULATION":-999,"COUNTY":"COOS","COUNTYFIPS":"41011","COUNTRY":"USA","LATITUDE":43.4114667,"LONGITUDE":-124.242333,"NAICS_CODE":"622110","NAICS_DESC":"GENERAL MEDICAL AND SURGICAL HOSPITALS","SOURCE":"https://tricare.mil/finddoctor/mtf","SOURCEDATE":1638403200000,"VAL_METHOD":"IMAGERY/OTHER","VAL_DATE":1648771200000,"WEBSITE":"NOT AVAILABLE","STATE_ID":"401","ALT_NAME":"US COAST GUARD SECTOR NORTH BEND","ST_FIPS":"41","OWNER":"GOVERNMENT - FEDERAL","TTL_STAFF":-999,"BEDS":-999,"TRAUMA":"NOT AVAILABLE","HELIPAD":"Y"}},{"type":"Feature","id":1221,"geometry":{"type":"Point","coordinates":[-104.79706889,38.71911428]},"properties":{"FID":1221,"OBJECTID":1253,"ID":"0000000027","NAME":"EVANS ARMY COMMUNITY HOSPITAL","ADDRESS":"1650 COCHRANE CIRCLE, BUILDING 7500","CITY":"COLORADO SPRINGS","STATE":"CO","ZIP":"80913","ZIP4":"4604","TELEPHONE":"(719) 526-7000","TYPE":"MILITARY","STATUS":"OPEN","POPULATION":92,"COUNTY":"EL PASO","COUNTYFIPS":"08041","COUNTRY":"USA","LATITUDE":38.71911428,"LONGITUDE":-104.79706889,"NAICS_CODE":"622110","NAICS_DESC":"GENERAL MEDICAL AND SURGICAL HOSPITALS","SOURCE":"https://tricare.mil/finddoctor/mtf","SOURCEDATE":1638403200000,"VAL_METHOD":"IMAGERY/OTHER","VAL_DATE":1588291200000,"WEBSITE":"https://evans.tricare.mil","STATE_ID":"131","ALT_NAME":"FORT CARSON ARMY BASE HOSPITAL","ST_FIPS":"08","OWNER":"GOVERNMENT - FEDERAL","TTL_STAFF":-999,"BEDS":92,"TRAUMA":"NOT AVAILABLE","HELIPAD":"N"}},{"type":"Feature","id":1222,"geometry":{"type":"Point","coordinates":[-77.09358972,39.0012869500001]},"properties":{"FID":1222,"OBJECTID":1314,"ID":"0182120889","NAME":"WALTER REED NATIONAL MILITARY MEDICAL CENTER","ADDRESS":"8901 ROCKVILLE PIKE","CITY":"BETHESDA","STATE":"MD","ZIP":"20889","ZIP4":"5600","TELEPHONE":"(301) 295-4611","TYPE":"MILITARY","STATUS":"OPEN","POPULATION":244,"COUNTY":"MONTGOMERY","COUNTYFIPS":"24031","COUNTRY":"USA","LATITUDE":39.00128695,"LONGITUDE":-77.09358972,"NAICS_CODE":"622110","NAICS_DESC":"GENERAL MEDICAL AND SURGICAL HOSPITALS","SOURCE":"https://tricare.mil/finddoctor/mtf","SOURCEDATE":1638403200000,"VAL_METHOD":"IMAGERY/OTHER","VAL_DATE":1557964800000,"WEBSITE":"https://walterreed.tricare.mil/","STATE_ID":"11","ALT_NAME":"WALTER REED NATIONAL MILITARY MEDICAL CENTER","ST_FIPS":"24","OWNER":"GOVERNMENT - FEDERAL","TTL_STAFF":-999,"BEDS":244,"TRAUMA":"NOT AVAILABLE","HELIPAD":"Y"}},{"type":"Feature","id":1223,"geometry":{"type":"Point","coordinates":[-77.3764952,38.8620530000001]},"properties":{"FID":1223,"OBJECTID":1254,"ID":"0196784524","NAME":"FAIRFAX HEALTH CENTER","ADDRESS":"4375 FAIR LAKES COURT","CITY":"FAIRFAX","STATE":"VA","ZIP":"22033","ZIP4":"NOT AVAILABLE","TELEPHONE":"(571) 432-2600","TYPE":"MILITARY","STATUS":"OPEN","POPULATION":-999,"COUNTY":"FAIRFAX","COUNTYFIPS":"51059","COUNTRY":"USA","LATITUDE":38.862053,"LONGITUDE":-77.3764952,"NAICS_CODE":"622110","NAICS_DESC":"GENERAL MEDICAL AND SURGICAL HOSPITALS","SOURCE":"https://tricare.mil/finddoctor/mtf","SOURCEDATE":1638403200000,"VAL_METHOD":"IMAGERY/OTHER","VAL_DATE":1648771200000,"WEBSITE":"https://belvoirhospital.tricare.mil/Clinics/Fairfax-Health-Center","STATE_ID":"669","ALT_NAME":"FORT BELVOIR","ST_FIPS":"51","OWNER":"GOVERNMENT - FEDERAL","TTL_STAFF":-999,"BEDS":-999,"TRAUMA":"NOT AVAILABLE","HELIPAD":"N"}},{"type":"Feature","id":1224,"geometry":{"type":"Point","coordinates":[-158.0711325,21.3192517000001]},"properties":{"FID":1224,"OBJECTID":1315,"ID":"0196784557","NAME":"WARRIOR OHANA MEDICAL HOME","ADDRESS":"91-1010 SHANGRILA STREET","CITY":"KAPOLEI","STATE":"HI","ZIP":"96707","ZIP4":"2102","TELEPHONE":"(808) 433-5420","TYPE":"MILITARY","STATUS":"OPEN","POPULATION":-999,"COUNTY":"HONOLULU","COUNTYFIPS":"15003","COUNTRY":"USA","LATITUDE":21.3192517,"LONGITUDE":-158.0711325,"NAICS_CODE":"622110","NAICS_DESC":"GENERAL MEDICAL AND SURGICAL HOSPITALS","SOURCE":"https://tricare.mil/finddoctor/mtf","SOURCEDATE":1638403200000,"VAL_METHOD":"IMAGERY/OTHER","VAL_DATE":1648771200000,"WEBSITE":"http://tripler.tricare.mil/Clinics/Warrior-Ohana-Medical-Home","STATE_ID":"682","ALT_NAME":"WARRIOR OHANA MEDICAL HOME","ST_FIPS":"15","OWNER":"GOVERNMENT - FEDERAL","TTL_STAFF":-999,"BEDS":-999,"TRAUMA":"NOT AVAILABLE","HELIPAD":"N"}},{"type":"Feature","id":1225,"geometry":{"type":"Point","coordinates":[-77.14368028,38.7056025200001]},"properties":{"FID":1225,"OBJECTID":1256,"ID":"0000000028","NAME":"FORT BELVOIR COMMUNITY HOSPITAL","ADDRESS":"9300 DEWITT LOOP","CITY":"FORT BELVOIR","STATE":"VA","ZIP":"22060","ZIP4":"5285","TELEPHONE":"(571) 231-3224","TYPE":"MILITARY","STATUS":"OPEN","POPULATION":120,"COUNTY":"FAIRFAX","COUNTYFIPS":"51059","COUNTRY":"USA","LATITUDE":38.70560252,"LONGITUDE":-77.14368028,"NAICS_CODE":"622110","NAICS_DESC":"GENERAL MEDICAL AND SURGICAL HOSPITALS","SOURCE":"https://tricare.mil/finddoctor/mtf","SOURCEDATE":1638403200000,"VAL_METHOD":"IMAGERY/OTHER","VAL_DATE":1438128000000,"WEBSITE":"https://belvoirhospital.tricare.mil","STATE_ID":"4","ALT_NAME":"FORT BELVOIR COMMUNITY HOSPITAL","ST_FIPS":"51","OWNER":"GOVERNMENT - FEDERAL","TTL_STAFF":-999,"BEDS":120,"TRAUMA":"NOT AVAILABLE","HELIPAD":"Y"}},{"type":"Feature","id":1226,"geometry":{"type":"Point","coordinates":[-96.7683039,39.0830322]},"properties":{"FID":1226,"OBJECTID":1258,"ID":"0000000008","NAME":"FORT RILEY PUBLIC HEALTH DEPARTMENT","ADDRESS":"650 HUEBNER ROAD","CITY":"FORT RILEY","STATE":"KS","ZIP":"66442","ZIP4":"NOT AVAILABLE","TELEPHONE":"(785) 239-7000","TYPE":"MILITARY","STATUS":"OPEN","POPULATION":-999,"COUNTY":"GEARY","COUNTYFIPS":"20061","COUNTRY":"USA","LATITUDE":39.0830322,"LONGITUDE":-96.7683039,"NAICS_CODE":"622110","NAICS_DESC":"GENERAL MEDICAL AND SURGICAL HOSPITALS","SOURCE":"https://tricare.mil/finddoctor/mtf","SOURCEDATE":1638403200000,"VAL_METHOD":"IMAGERY/OTHER","VAL_DATE":1648771200000,"WEBSITE":"https://irwin.tricare.mil/Health-Services/Preventive-Care/Public-Health","STATE_ID":"135","ALT_NAME":"FORT RILEY","ST_FIPS":"20","OWNER":"GOVERNMENT - FEDERAL","TTL_STAFF":-999,"BEDS":-999,"TRAUMA":"NOT AVAILABLE","HELIPAD":"Y"}},{"type":"Feature","id":1227,"geometry":{"type":"Point","coordinates":[-116.68832955,35.2654396]},"properties":{"FID":1227,"OBJECTID":1316,"ID":"0000000036","NAME":"WEED ARMY COMMUNITY HOSPITAL","ADDRESS":"390 NORTH LOOP RD","CITY":"FORT IRWIN","STATE":"CA","ZIP":"92310","ZIP4":"5109","TELEPHONE":"(866) 957-9224","TYPE":"MILITARY","STATUS":"OPEN","POPULATION":27,"COUNTY":"SAN BERNARDINO","COUNTYFIPS":"06071","COUNTRY":"USA","LATITUDE":35.2654396,"LONGITUDE":-116.68832955,"NAICS_CODE":"622110","NAICS_DESC":"GENERAL MEDICAL AND SURGICAL HOSPITALS","SOURCE":"https://tricare.mil/finddoctor/mtf","SOURCEDATE":1638403200000,"VAL_METHOD":"IMAGERY/OTHER","VAL_DATE":1437696000000,"WEBSITE":"https://weed-irwin.tricare.mil","STATE_ID":"143","ALT_NAME":"FORT IRWIN","ST_FIPS":"06","OWNER":"GOVERNMENT - FEDERAL","TTL_STAFF":-999,"BEDS":27,"TRAUMA":"NOT AVAILABLE","HELIPAD":"Y"}},{"type":"Feature","id":1228,"geometry":{"type":"Point","coordinates":[-98.687265,29.4623946]},"properties":{"FID":1228,"OBJECTID":1317,"ID":"0196784558","NAME":"WESTOVER MEDICAL HOME","ADDRESS":"10010 ROGERS CROSSING","CITY":"SAN ANTONIO","STATE":"TX","ZIP":"78251","ZIP4":"NOT AVAILABLE","TELEPHONE":"(210) 539-0915","TYPE":"MILITARY","STATUS":"OPEN","POPULATION":-999,"COUNTY":"BEXAR","COUNTYFIPS":"48029","COUNTRY":"USA","LATITUDE":29.4623946,"LONGITUDE":-98.687265,"NAICS_CODE":"622110","NAICS_DESC":"GENERAL MEDICAL AND SURGICAL HOSPITALS","SOURCE":"https://tricare.mil/finddoctor/mtf","SOURCEDATE":1638403200000,"VAL_METHOD":"IMAGERY/OTHER","VAL_DATE":1648771200000,"WEBSITE":"http://bamc.tricare.mil/Clinics/Westover-Medical-Home","STATE_ID":"695","ALT_NAME":"FORT SAM HOUSTON","ST_FIPS":"48","OWNER":"GOVERNMENT - FEDERAL","TTL_STAFF":-999,"BEDS":-999,"TRAUMA":"NOT AVAILABLE","HELIPAD":"N"}},{"type":"Feature","id":1229,"geometry":{"type":"Point","coordinates":[-106.32634812,31.83452249]},"properties":{"FID":1229,"OBJECTID":1318,"ID":"0196784559","NAME":"WILLIAM BEAUMONT ARMY MEDICAL CENTER","ADDRESS":"18511 HIGHLANDER MEDICS STREET","CITY":"FORT BLISS","STATE":"TX","ZIP":"79918","ZIP4":"NOT AVAILABLE","TELEPHONE":"(915) 742-2121","TYPE":"MILITARY","STATUS":"OPEN","POPULATION":-999,"COUNTY":"EL PASO","COUNTYFIPS":"48141","COUNTRY":"USA","LATITUDE":31.83452249,"LONGITUDE":-106.32634812,"NAICS_CODE":"622110","NAICS_DESC":"GENERAL MEDICAL AND SURGICAL HOSPITALS","SOURCE":"https://tricare.mil/finddoctor/mtf","SOURCEDATE":1638403200000,"VAL_METHOD":"IMAGERY/OTHER","VAL_DATE":1646179200000,"WEBSITE":"https://William-Beaumont.tricare.mil","STATE_ID":"137","ALT_NAME":"FORT BLISS","ST_FIPS":"48","OWNER":"GOVERNMENT - FEDERAL","TTL_STAFF":-999,"BEDS":-999,"TRAUMA":"LEVEL III","HELIPAD":"Y"}},{"type":"Feature","id":1230,"geometry":{"type":"Point","coordinates":[-81.60038895,31.8722569600001]},"properties":{"FID":1230,"OBJECTID":1320,"ID":"0000000019","NAME":"WINN ARMY COMMUNITY HOSPITAL","ADDRESS":"1061 HARMON AVE","CITY":"FORT STEWART","STATE":"GA","ZIP":"31314","ZIP4":"NOT AVAILABLE","TELEPHONE":"(912) 435-6965","TYPE":"MILITARY","STATUS":"OPEN","POPULATION":39,"COUNTY":"LIBERTY","COUNTYFIPS":"13179","COUNTRY":"USA","LATITUDE":31.87225696,"LONGITUDE":-81.60038895,"NAICS_CODE":"622110","NAICS_DESC":"GENERAL MEDICAL AND SURGICAL HOSPITALS","SOURCE":"https://tricare.mil/finddoctor/mtf","SOURCEDATE":1638403200000,"VAL_METHOD":"IMAGERY/OTHER","VAL_DATE":1437696000000,"WEBSITE":"http://winn.amedd.army.mil/sitepages/home.aspx","STATE_ID":"95","ALT_NAME":"FT. STEWART","ST_FIPS":"13","OWNER":"GOVERNMENT - FEDERAL","TTL_STAFF":-999,"BEDS":39,"TRAUMA":"LEVEL IV","HELIPAD":"Y"}},{"type":"Feature","id":1231,"geometry":{"type":"Point","coordinates":[-79.0021702299999,35.1456262400001]},"properties":{"FID":1231,"OBJECTID":1321,"ID":"0000000037","NAME":"WOMACK ARMY MEDICAL CENTER","ADDRESS":"2817 REILLY RD","CITY":"FORT BRAGG","STATE":"NC","ZIP":"28310","ZIP4":"5000","TELEPHONE":"(910) 907-9262","TYPE":"MILITARY","STATUS":"OPEN","POPULATION":138,"COUNTY":"CUMBERLAND","COUNTYFIPS":"37051","COUNTRY":"USA","LATITUDE":35.14562624,"LONGITUDE":-79.00217023,"NAICS_CODE":"622110","NAICS_DESC":"GENERAL MEDICAL AND SURGICAL HOSPITALS","SOURCE":"https://tricare.mil/finddoctor/mtf","SOURCEDATE":1638403200000,"VAL_METHOD":"IMAGERY/OTHER","VAL_DATE":1438041600000,"WEBSITE":"https://womack.tricare.mil","STATE_ID":"26","ALT_NAME":"FORT BRAGG","ST_FIPS":"37","OWNER":"GOVERNMENT - FEDERAL","TTL_STAFF":-999,"BEDS":138,"TRAUMA":"LEVEL III","HELIPAD":"Y"}},{"type":"Feature","id":6005,"geometry":{"type":"Point","coordinates":[-72.6824,42.3496000000001]},"properties":{"FID":6005,"OBJECTID":7703,"ID":"0008301053","NAME":"NORTHAMPTON VA MEDICAL CENTER","ADDRESS":"421 N MAIN ST","CITY":"LEEDS","STATE":"MA","ZIP":"01053","ZIP4":"NOT AVAILABLE","TELEPHONE":"NOT AVAILABLE","TYPE":"MILITARY","STATUS":"OPEN","POPULATION":-999,"COUNTY":"HAMPSHIRE","COUNTYFIPS":"25015","COUNTRY":"USA","LATITUDE":42.3496,"LONGITUDE":-72.6824,"NAICS_CODE":"622110","NAICS_DESC":"GENERAL MEDICAL AND SURGICAL HOSPITALS","SOURCE":"http://www.mass.gov/eohhs/gov/departments/dph/programs/hcq/healthcare-quality/","SOURCEDATE":1597449600000,"VAL_METHOD":"IMAGERY/OTHER","VAL_DATE":1649289600000,"WEBSITE":"http://www.centralwesternmass.va.gov/","STATE_ID":"NOT AVAILABLE","ALT_NAME":"NORTHAMPTON VA","ST_FIPS":"25","OWNER":"GOVERNMENT - FEDERAL","TTL_STAFF":-999,"BEDS":-999,"TRAUMA":"NOT AVAILABLE","HELIPAD":"N"}},{"type":"Feature","id":6089,"geometry":{"type":"Point","coordinates":[-116.1902767,43.6212166500001]},"properties":{"FID":6089,"OBJECTID":6571,"ID":"0002183702","NAME":"BOISE VA MEDICAL CENTER","ADDRESS":"500 WEST FORT STREET","CITY":"BOISE","STATE":"ID","ZIP":"83702","ZIP4":"4501","TELEPHONE":"(208) 422-1000","TYPE":"MILITARY","STATUS":"OPEN","POPULATION":85,"COUNTY":"ADA","COUNTYFIPS":"16001","COUNTRY":"USA","LATITUDE":43.62121665,"LONGITUDE":-116.1902767,"NAICS_CODE":"622110","NAICS_DESC":"GENERAL MEDICAL AND SURGICAL HOSPITALS","SOURCE":"https://www.va.gov/find-locations","SOURCEDATE":1610323200000,"VAL_METHOD":"IMAGERY","VAL_DATE":1384214400000,"WEBSITE":"https://www.boise.va.gov/locations/directions.asp","STATE_ID":"VHA_531","ALT_NAME":"NOT AVAILABLE","ST_FIPS":"16","OWNER":"GOVERNMENT - FEDERAL","TTL_STAFF":-999,"BEDS":85,"TRAUMA":"NOT AVAILABLE","HELIPAD":"N"}},{"type":"Feature","id":6090,"geometry":{"type":"Point","coordinates":[-119.7996045,39.51636325]},"properties":{"FID":6090,"OBJECTID":6572,"ID":"0005789502","NAME":"IOANNIS A. LOUGARIS VETERANS' ADMINISTRATION MEDICAL CENTER","ADDRESS":"975 KIRMAN AVENUE","CITY":"RENO","STATE":"NV","ZIP":"89502","ZIP4":"0993","TELEPHONE":"(775) 786-7200","TYPE":"MILITARY","STATUS":"OPEN","POPULATION":124,"COUNTY":"WASHOE","COUNTYFIPS":"32031","COUNTRY":"USA","LATITUDE":39.51636325,"LONGITUDE":-119.7996045,"NAICS_CODE":"622110","NAICS_DESC":"GENERAL MEDICAL AND SURGICAL HOSPITALS","SOURCE":"https://www.va.gov/find-locations","SOURCEDATE":1610323200000,"VAL_METHOD":"IMAGERY/OTHER","VAL_DATE":1385424000000,"WEBSITE":"https://www.va.gov/sierra-nevada-health-care/locations/ioannis-a-lougaris-veterans-administration-medical-center/","STATE_ID":"VHA_654","ALT_NAME":"NOT AVAILABLE","ST_FIPS":"32","OWNER":"GOVERNMENT - FEDERAL","TTL_STAFF":-999,"BEDS":124,"TRAUMA":"NOT AVAILABLE","HELIPAD":"N"}},{"type":"Feature","id":6091,"geometry":{"type":"Point","coordinates":[-122.6839782,45.49718109]},"properties":{"FID":6091,"OBJECTID":6573,"ID":"0006397239","NAME":"PORTLAND VA MEDICAL CENTER","ADDRESS":"3710 SOUTHWEST US VETERANS HOSPITAL ROAD","CITY":"PORTLAND","STATE":"OR","ZIP":"97239","ZIP4":"2964","TELEPHONE":"(503) 220-8262","TYPE":"MILITARY","STATUS":"OPEN","POPULATION":-999,"COUNTY":"MULTNOMAH","COUNTYFIPS":"41051","COUNTRY":"USA","LATITUDE":45.49718109,"LONGITUDE":-122.6839782,"NAICS_CODE":"622110","NAICS_DESC":"GENERAL MEDICAL AND SURGICAL HOSPITALS","SOURCE":"https://www.va.gov/find-locations","SOURCEDATE":1610323200000,"VAL_METHOD":"IMAGERY/OTHER","VAL_DATE":1394582400000,"WEBSITE":"https://www.portland.va.gov/locations/directions.asp","STATE_ID":"VHA_648","ALT_NAME":"NOT AVAILABLE","ST_FIPS":"41","OWNER":"GOVERNMENT - FEDERAL","TTL_STAFF":-999,"BEDS":-999,"TRAUMA":"NOT AVAILABLE","HELIPAD":"Y"}},{"type":"Feature","id":6092,"geometry":{"type":"Point","coordinates":[-123.36718266,43.2241705600001]},"properties":{"FID":6092,"OBJECTID":6574,"ID":"0006497471","NAME":"ROSEBURG VA MEDICAL CENTER","ADDRESS":"913 NORTHWEST GARDEN VALLEY BOULEVARD","CITY":"ROSEBURG","STATE":"OR","ZIP":"97471","ZIP4":"6523","TELEPHONE":"(541) 440-1000","TYPE":"MILITARY","STATUS":"OPEN","POPULATION":-999,"COUNTY":"DOUGLAS","COUNTYFIPS":"41019","COUNTRY":"USA","LATITUDE":43.22417056,"LONGITUDE":-123.36718266,"NAICS_CODE":"622110","NAICS_DESC":"GENERAL MEDICAL AND SURGICAL HOSPITALS","SOURCE":"https://www.va.gov/find-locations","SOURCEDATE":1610323200000,"VAL_METHOD":"IMAGERY/OTHER","VAL_DATE":1391990400000,"WEBSITE":"https://www.roseburg.va.gov/locations/directions.asp","STATE_ID":"VHA_653","ALT_NAME":"NOT AVAILABLE","ST_FIPS":"41","OWNER":"GOVERNMENT - FEDERAL","TTL_STAFF":-999,"BEDS":-999,"TRAUMA":"NOT AVAILABLE","HELIPAD":"N"}},{"type":"Feature","id":6093,"geometry":{"type":"Point","coordinates":[-121.2964588,38.57296625]},"properties":{"FID":6093,"OBJECTID":6575,"ID":"0002795655","NAME":"SACRAMENTO VA MEDICAL CENTER","ADDRESS":"10535 HOSPITAL WAY","CITY":"MATHER","STATE":"CA","ZIP":"95655","ZIP4":"4200","TELEPHONE":"(916) 843-7000","TYPE":"MILITARY","STATUS":"OPEN","POPULATION":50,"COUNTY":"SACRAMENTO","COUNTYFIPS":"06067","COUNTRY":"USA","LATITUDE":38.57296625,"LONGITUDE":-121.2964588,"NAICS_CODE":"622110","NAICS_DESC":"GENERAL MEDICAL AND SURGICAL HOSPITALS","SOURCE":"https://www.va.gov/find-locations","SOURCEDATE":1610323200000,"VAL_METHOD":"IMAGERY/OTHER","VAL_DATE":1432166400000,"WEBSITE":"https://www.va.gov/northern-california-health-care/locations/sacramento-va-medical-center/","STATE_ID":"VHA_612A4","ALT_NAME":"NOT AVAILABLE","ST_FIPS":"06","OWNER":"GOVERNMENT - FEDERAL","TTL_STAFF":-999,"BEDS":50,"TRAUMA":"NOT AVAILABLE","HELIPAD":"N"}},{"type":"Feature","id":6094,"geometry":{"type":"Point","coordinates":[-112.10178651,46.6186626100001]},"properties":{"FID":6094,"OBJECTID":6576,"ID":"0008859636","NAME":"FORT HARRISON VA MEDICAL CENTER","ADDRESS":"3687 VETERANS DRIVE","CITY":"FORT HARRISON","STATE":"MT","ZIP":"59636","ZIP4":"9703","TELEPHONE":"(406) 442-6410","TYPE":"MILITARY","STATUS":"OPEN","POPULATION":58,"COUNTY":"LEWIS AND CLARK","COUNTYFIPS":"30049","COUNTRY":"USA","LATITUDE":46.61866261,"LONGITUDE":-112.10178651,"NAICS_CODE":"622110","NAICS_DESC":"GENERAL MEDICAL AND SURGICAL HOSPITALS","SOURCE":"https://www.va.gov/find-locations","SOURCEDATE":1610323200000,"VAL_METHOD":"IMAGERY/OTHER","VAL_DATE":1587427200000,"WEBSITE":"https://www.montana.va.gov/locations/directions.asp","STATE_ID":"VHA_436","ALT_NAME":"NOT AVAILABLE","ST_FIPS":"30","OWNER":"GOVERNMENT - FEDERAL","TTL_STAFF":-999,"BEDS":58,"TRAUMA":"NOT AVAILABLE","HELIPAD":"N"}},{"type":"Feature","id":6095,"geometry":{"type":"Point","coordinates":[-111.84055396,40.7573972500001]},"properties":{"FID":6095,"OBJECTID":6577,"ID":"0014784148","NAME":"GEORGE E. WAHLEN DEPARTMENT OF VETERANS AFFAIRS MEDICAL CENTER","ADDRESS":"500 FOOTHILL BOULEVARD","CITY":"SALT LAKE CITY","STATE":"UT","ZIP":"84148","ZIP4":"0001","TELEPHONE":"(801) 582-1565","TYPE":"MILITARY","STATUS":"OPEN","POPULATION":-999,"COUNTY":"SALT LAKE","COUNTYFIPS":"49035","COUNTRY":"USA","LATITUDE":40.75739725,"LONGITUDE":-111.84055396,"NAICS_CODE":"622110","NAICS_DESC":"GENERAL MEDICAL AND SURGICAL HOSPITALS","SOURCE":"https://www.va.gov/find-locations","SOURCEDATE":1610323200000,"VAL_METHOD":"IMAGERY/OTHER","VAL_DATE":1432857600000,"WEBSITE":"https://www.va.gov/salt-lake-city-health-care/locations/george-e-wahlen-department-of-veterans-affairs-medical","STATE_ID":"VHA_660","ALT_NAME":"NOT AVAILABLE","ST_FIPS":"49","OWNER":"GOVERNMENT - FEDERAL","TTL_STAFF":-999,"BEDS":-999,"TRAUMA":"NOT AVAILABLE","HELIPAD":"Y"}},{"type":"Feature","id":6096,"geometry":{"type":"Point","coordinates":[-122.3077495,47.5624976]},"properties":{"FID":6096,"OBJECTID":6578,"ID":"0196784864","NAME":"SEATTLE VA MEDICAL CENTER","ADDRESS":"1660 SOUTH COLUMBIAN WAY","CITY":"SEATTLE","STATE":"WA","ZIP":"98108","ZIP4":"1532","TELEPHONE":"(800) 329-8387","TYPE":"MILITARY","STATUS":"OPEN","POPULATION":-999,"COUNTY":"KING","COUNTYFIPS":"53033","COUNTRY":"USA","LATITUDE":47.5624976,"LONGITUDE":-122.3077495,"NAICS_CODE":"622110","NAICS_DESC":"GENERAL MEDICAL AND SURGICAL HOSPITALS","SOURCE":"https://www.va.gov/find-locations","SOURCEDATE":1610323200000,"VAL_METHOD":"IMAGERY/OTHER","VAL_DATE":1648771200000,"WEBSITE":"https://www.pugetsound.va.gov/locations/directions.asp","STATE_ID":"VHA_663","ALT_NAME":"NOT AVAILABLE","ST_FIPS":"53","OWNER":"GOVERNMENT - FEDERAL","TTL_STAFF":-999,"BEDS":-999,"TRAUMA":"NOT AVAILABLE","HELIPAD":"N"}},{"type":"Feature","id":6097,"geometry":{"type":"Point","coordinates":[-119.7779341,36.7725795000001]},"properties":{"FID":6097,"OBJECTID":6579,"ID":"0196784865","NAME":"FRESNO VA MEDICAL CENTER","ADDRESS":"2615 EAST CLINTON AVENUE","CITY":"FRESNO","STATE":"CA","ZIP":"93703","ZIP4":"2223","TELEPHONE":"(559) 225-6100","TYPE":"MILITARY","STATUS":"OPEN","POPULATION":-999,"COUNTY":"FRESNO","COUNTYFIPS":"06019","COUNTRY":"USA","LATITUDE":36.7725795,"LONGITUDE":-119.7779341,"NAICS_CODE":"622110","NAICS_DESC":"GENERAL MEDICAL AND SURGICAL HOSPITALS","SOURCE":"https://www.va.gov/find-locations","SOURCEDATE":1610323200000,"VAL_METHOD":"IMAGERY/OTHER","VAL_DATE":1648771200000,"WEBSITE":"https://www.va.gov/central-california-health-care/locations/fresno-va-medical-center/","STATE_ID":"VHA_570","ALT_NAME":"NOT AVAILABLE","ST_FIPS":"06","OWNER":"GOVERNMENT - FEDERAL","TTL_STAFF":-999,"BEDS":-999,"TRAUMA":"NOT AVAILABLE","HELIPAD":"N"}},{"type":"Feature","id":6098,"geometry":{"type":"Point","coordinates":[-122.50497459,37.7822911900001]},"properties":{"FID":6098,"OBJECTID":6580,"ID":"0002994121","NAME":"SAN FRANCISCO VA MEDICAL CENTER","ADDRESS":"4150 CLEMENT STREET","CITY":"SAN FRANCISCO","STATE":"CA","ZIP":"94121","ZIP4":"1545","TELEPHONE":"(415) 221-4810","TYPE":"MILITARY","STATUS":"OPEN","POPULATION":124,"COUNTY":"SAN FRANCISCO","COUNTYFIPS":"06075","COUNTRY":"USA","LATITUDE":37.78229119,"LONGITUDE":-122.50497459,"NAICS_CODE":"622110","NAICS_DESC":"GENERAL MEDICAL AND SURGICAL HOSPITALS","SOURCE":"https://www.va.gov/find-locations","SOURCEDATE":1610323200000,"VAL_METHOD":"IMAGERY/OTHER","VAL_DATE":1432166400000,"WEBSITE":"https://www.sanfrancisco.va.gov/locations/directions.asp","STATE_ID":"VHA_662","ALT_NAME":"NOT AVAILABLE","ST_FIPS":"06","OWNER":"GOVERNMENT - FEDERAL","TTL_STAFF":-999,"BEDS":124,"TRAUMA":"NOT AVAILABLE","HELIPAD":"Y"}},{"type":"Feature","id":6099,"geometry":{"type":"Point","coordinates":[-115.0945083,36.2851885000001]},"properties":{"FID":6099,"OBJECTID":6581,"ID":"0196784866","NAME":"NORTH LAS VEGAS VA MEDICAL CENTER","ADDRESS":"6900 NORTH PECOS ROAD","CITY":"NORTH LAS VEGAS","STATE":"NV","ZIP":"89086","ZIP4":"4400","TELEPHONE":"(702) 791-9000","TYPE":"MILITARY","STATUS":"OPEN","POPULATION":-999,"COUNTY":"CLARK","COUNTYFIPS":"32003","COUNTRY":"USA","LATITUDE":36.2851885,"LONGITUDE":-115.0945083,"NAICS_CODE":"622110","NAICS_DESC":"GENERAL MEDICAL AND SURGICAL HOSPITALS","SOURCE":"https://www.va.gov/find-locations","SOURCEDATE":1610323200000,"VAL_METHOD":"IMAGERY/OTHER","VAL_DATE":1648771200000,"WEBSITE":"https://www.va.gov/southern-nevada-health-care/locations/north-las-vegas-va-medical-center/","STATE_ID":"VHA_593","ALT_NAME":"NOT AVAILABLE","ST_FIPS":"32","OWNER":"GOVERNMENT - FEDERAL","TTL_STAFF":-999,"BEDS":-999,"TRAUMA":"NOT AVAILABLE","HELIPAD":"N"}},{"type":"Feature","id":6100,"geometry":{"type":"Point","coordinates":[-122.13978465,37.4053530200001]},"properties":{"FID":6100,"OBJECTID":6582,"ID":"0002894304","NAME":"PALO ALTO VA MEDICAL CENTER","ADDRESS":"3801 MIRANDA AVENUE","CITY":"PALO ALTO","STATE":"CA","ZIP":"94304","ZIP4":"1207","TELEPHONE":"(650) 493-5000","TYPE":"MILITARY","STATUS":"OPEN","POPULATION":715,"COUNTY":"SANTA CLARA","COUNTYFIPS":"06085","COUNTRY":"USA","LATITUDE":37.40535302,"LONGITUDE":-122.13978465,"NAICS_CODE":"622110","NAICS_DESC":"GENERAL MEDICAL AND SURGICAL HOSPITALS","SOURCE":"https://www.va.gov/find-locations","SOURCEDATE":1610323200000,"VAL_METHOD":"IMAGERY/OTHER","VAL_DATE":1432166400000,"WEBSITE":"https://www.paloalto.va.gov/locations/directions.asp","STATE_ID":"VHA_640","ALT_NAME":"NOT AVAILABLE","ST_FIPS":"06","OWNER":"GOVERNMENT - FEDERAL","TTL_STAFF":-999,"BEDS":715,"TRAUMA":"NOT AVAILABLE","HELIPAD":"N"}},{"type":"Feature","id":6101,"geometry":{"type":"Point","coordinates":[-117.25006873,34.0502329600001]},"properties":{"FID":6101,"OBJECTID":6584,"ID":"0196784868","NAME":"JERRY L. PETTIS MEMORIAL VETERANS' HOSPITAL","ADDRESS":"11201 BENTON STREET","CITY":"LOMA LINDA","STATE":"CA","ZIP":"92357","ZIP4":"1000","TELEPHONE":"(909) 825-7084","TYPE":"MILITARY","STATUS":"OPEN","POPULATION":-999,"COUNTY":"SAN BERNARDINO","COUNTYFIPS":"06071","COUNTRY":"USA","LATITUDE":34.05023296,"LONGITUDE":-117.25006873,"NAICS_CODE":"622110","NAICS_DESC":"GENERAL MEDICAL AND SURGICAL HOSPITALS","SOURCE":"https://www.va.gov/find-locations","SOURCEDATE":1610323200000,"VAL_METHOD":"IMAGERY/OTHER","VAL_DATE":1646265600000,"WEBSITE":"https://www.lomalinda.va.gov/locations/directions.asp","STATE_ID":"VHA_605","ALT_NAME":"NOT AVAILABLE","ST_FIPS":"06","OWNER":"GOVERNMENT - FEDERAL","TTL_STAFF":-999,"BEDS":-999,"TRAUMA":"NOT AVAILABLE","HELIPAD":"N"}},{"type":"Feature","id":6102,"geometry":{"type":"Point","coordinates":[-118.45275224,34.0527212700001]},"properties":{"FID":6102,"OBJECTID":6585,"ID":"0003190073","NAME":"WEST LOS ANGELES VA MEDICAL CENTER","ADDRESS":"11301 WILSHIRE BOULEVARD","CITY":"LOS ANGELES","STATE":"CA","ZIP":"90073","ZIP4":"1003","TELEPHONE":"(310) 478-3711","TYPE":"MILITARY","STATUS":"OPEN","POPULATION":500,"COUNTY":"LOS ANGELES","COUNTYFIPS":"06037","COUNTRY":"USA","LATITUDE":34.05272127,"LONGITUDE":-118.45275224,"NAICS_CODE":"622110","NAICS_DESC":"GENERAL MEDICAL AND SURGICAL HOSPITALS","SOURCE":"https://www.va.gov/find-locations","SOURCEDATE":1610323200000,"VAL_METHOD":"IMAGERY/OTHER","VAL_DATE":1432166400000,"WEBSITE":"https://www.losangeles.va.gov/locations/directions.asp","STATE_ID":"VHA_691","ALT_NAME":"NOT AVAILABLE","ST_FIPS":"06","OWNER":"GOVERNMENT - FEDERAL","TTL_STAFF":-999,"BEDS":500,"TRAUMA":"NOT AVAILABLE","HELIPAD":"Y"}},{"type":"Feature","id":6103,"geometry":{"type":"Point","coordinates":[-118.1189428,33.777569]},"properties":{"FID":6103,"OBJECTID":6587,"ID":"0196784870","NAME":"TIBOR RUBIN VA MEDICAL CENTER","ADDRESS":"5901 EAST SEVENTH STREET","CITY":"LONG BEACH","STATE":"CA","ZIP":"90822","ZIP4":"5201","TELEPHONE":"(562) 826-8000","TYPE":"MILITARY","STATUS":"OPEN","POPULATION":-999,"COUNTY":"LOS ANGELES","COUNTYFIPS":"06037","COUNTRY":"USA","LATITUDE":33.777569,"LONGITUDE":-118.1189428,"NAICS_CODE":"622110","NAICS_DESC":"GENERAL MEDICAL AND SURGICAL HOSPITALS","SOURCE":"https://www.va.gov/find-locations","SOURCEDATE":1610323200000,"VAL_METHOD":"IMAGERY/OTHER","VAL_DATE":1648771200000,"WEBSITE":"https://www.longbeach.va.gov/locations/directions.asp","STATE_ID":"VHA_600","ALT_NAME":"NOT AVAILABLE","ST_FIPS":"06","OWNER":"GOVERNMENT - FEDERAL","TTL_STAFF":-999,"BEDS":-999,"TRAUMA":"NOT AVAILABLE","HELIPAD":"N"}},{"type":"Feature","id":6104,"geometry":{"type":"Point","coordinates":[-108.5404727,39.0767571000001]},"properties":{"FID":6104,"OBJECTID":6588,"ID":"0196784301","NAME":"GRAND JUNCTION VA MEDICAL CENTER","ADDRESS":"2121 NORTH AVENUE","CITY":"GRAND JUNCTION","STATE":"CO","ZIP":"81501","ZIP4":"6428","TELEPHONE":"(970) 242-0731","TYPE":"MILITARY","STATUS":"OPEN","POPULATION":-999,"COUNTY":"MESA","COUNTYFIPS":"08077","COUNTRY":"USA","LATITUDE":39.0767571,"LONGITUDE":-108.5404727,"NAICS_CODE":"622110","NAICS_DESC":"GENERAL MEDICAL AND SURGICAL HOSPITALS","SOURCE":"https://www.va.gov/find-locations","SOURCEDATE":1610323200000,"VAL_METHOD":"IMAGERY","VAL_DATE":1619395200000,"WEBSITE":"https://www.grandjunction.va.gov/locations/directions.asp","STATE_ID":"VHA_575","ALT_NAME":"NOT AVAILABLE","ST_FIPS":"08","OWNER":"GOVERNMENT - FEDERAL","TTL_STAFF":-999,"BEDS":-999,"TRAUMA":"NOT AVAILABLE","HELIPAD":"N"}},{"type":"Feature","id":6105,"geometry":{"type":"Point","coordinates":[-112.45257508,34.55387325]},"properties":{"FID":6105,"OBJECTID":6589,"ID":"0196784871","NAME":"BOB STUMP DEPARTMENT OF VETERANS AFFAIRS MEDICAL CENTER","ADDRESS":"500 HIGHWAY 89 NORTH","CITY":"PRESCOTT","STATE":"AZ","ZIP":"86313","ZIP4":"5001","TELEPHONE":"(928) 445-4860","TYPE":"MILITARY","STATUS":"OPEN","POPULATION":-999,"COUNTY":"YAVAPAI","COUNTYFIPS":"04025","COUNTRY":"USA","LATITUDE":34.55387325,"LONGITUDE":-112.45257508,"NAICS_CODE":"622110","NAICS_DESC":"GENERAL MEDICAL AND SURGICAL HOSPITALS","SOURCE":"https://www.va.gov/find-locations","SOURCEDATE":1610323200000,"VAL_METHOD":"IMAGERY/OTHER","VAL_DATE":1646265600000,"WEBSITE":"https://www.prescott.va.gov/locations/directions.asp","STATE_ID":"VHA_649","ALT_NAME":"HOSPITAL - PRESCOTT","ST_FIPS":"04","OWNER":"GOVERNMENT - FEDERAL","TTL_STAFF":-999,"BEDS":-999,"TRAUMA":"NOT AVAILABLE","HELIPAD":"N"}},{"type":"Feature","id":6106,"geometry":{"type":"Point","coordinates":[-117.23241926,32.8755580500001]},"properties":{"FID":6106,"OBJECTID":6590,"ID":"0003592161","NAME":"SAN DIEGO VA MEDICAL CENTER","ADDRESS":"3350 LA JOLLA VILLAGE DRIVE","CITY":"SAN DIEGO","STATE":"CA","ZIP":"92161","ZIP4":"0002","TELEPHONE":"(858) 552-8585","TYPE":"MILITARY","STATUS":"OPEN","POPULATION":256,"COUNTY":"SAN DIEGO","COUNTYFIPS":"06073","COUNTRY":"USA","LATITUDE":32.87555805,"LONGITUDE":-117.23241926,"NAICS_CODE":"622110","NAICS_DESC":"GENERAL MEDICAL AND SURGICAL HOSPITALS","SOURCE":"https://www.va.gov/find-locations","SOURCEDATE":1610323200000,"VAL_METHOD":"IMAGERY/OTHER","VAL_DATE":1432166400000,"WEBSITE":"https://www.sandiego.va.gov/locations/directions.asp","STATE_ID":"VHA_664","ALT_NAME":"NOT AVAILABLE","ST_FIPS":"06","OWNER":"GOVERNMENT - FEDERAL","TTL_STAFF":-999,"BEDS":256,"TRAUMA":"NOT AVAILABLE","HELIPAD":"N"}},{"type":"Feature","id":6107,"geometry":{"type":"Point","coordinates":[-112.06625305,33.49567218]},"properties":{"FID":6107,"OBJECTID":6591,"ID":"0000185012","NAME":"CARL T. HAYDEN VETERANS' ADMINISTRATION MEDICAL CENTER","ADDRESS":"650 EAST INDIAN SCHOOL ROAD","CITY":"PHOENIX","STATE":"AZ","ZIP":"85012","ZIP4":"1839","TELEPHONE":"(602) 277-5551","TYPE":"MILITARY","STATUS":"OPEN","POPULATION":-999,"COUNTY":"MARICOPA","COUNTYFIPS":"04013","COUNTRY":"USA","LATITUDE":33.49567218,"LONGITUDE":-112.06625305,"NAICS_CODE":"622110","NAICS_DESC":"GENERAL MEDICAL AND SURGICAL HOSPITALS","SOURCE":"https://www.va.gov/find-locations","SOURCEDATE":1610323200000,"VAL_METHOD":"IMAGERY/OTHER","VAL_DATE":1431475200000,"WEBSITE":"https://www.phoenix.va.gov/locations/directions.asp","STATE_ID":"VHA_644","ALT_NAME":"NOT AVAILABLE","ST_FIPS":"04","OWNER":"GOVERNMENT - FEDERAL","TTL_STAFF":-999,"BEDS":-999,"TRAUMA":"NOT AVAILABLE","HELIPAD":"N"}},{"type":"Feature","id":6108,"geometry":{"type":"Point","coordinates":[-104.78553222,41.14828213]},"properties":{"FID":6108,"OBJECTID":6592,"ID":"0016482001","NAME":"CHEYENNE VA MEDICAL CENTER","ADDRESS":"2360 EAST PERSHING BOULEVARD","CITY":"CHEYENNE","STATE":"WY","ZIP":"82001","ZIP4":"5356","TELEPHONE":"(307) 778-7550","TYPE":"MILITARY","STATUS":"OPEN","POPULATION":-999,"COUNTY":"LARAMIE","COUNTYFIPS":"56021","COUNTRY":"USA","LATITUDE":41.14828213,"LONGITUDE":-104.78553222,"NAICS_CODE":"622110","NAICS_DESC":"GENERAL MEDICAL AND SURGICAL HOSPITALS","SOURCE":"https://www.va.gov/find-locations","SOURCEDATE":1610323200000,"VAL_METHOD":"IMAGERY/OTHER","VAL_DATE":1588204800000,"WEBSITE":"https://www.cheyenne.va.gov/locations/directions.asp","STATE_ID":"VHA_442","ALT_NAME":"NOT AVAILABLE","ST_FIPS":"56","OWNER":"GOVERNMENT - FEDERAL","TTL_STAFF":-999,"BEDS":-999,"TRAUMA":"NOT AVAILABLE","HELIPAD":"N"}},{"type":"Feature","id":6109,"geometry":{"type":"Point","coordinates":[-110.9645064,32.1809812000001]},"properties":{"FID":6109,"OBJECTID":6593,"ID":"0196784872","NAME":"TUCSON VA MEDICAL CENTER","ADDRESS":"3601 SOUTH SIXTH AVENUE","CITY":"TUCSON","STATE":"AZ","ZIP":"85723","ZIP4":"0001","TELEPHONE":"(520) 792-1450","TYPE":"MILITARY","STATUS":"OPEN","POPULATION":-999,"COUNTY":"PIMA","COUNTYFIPS":"04019","COUNTRY":"USA","LATITUDE":32.1809812,"LONGITUDE":-110.9645064,"NAICS_CODE":"622110","NAICS_DESC":"GENERAL MEDICAL AND SURGICAL HOSPITALS","SOURCE":"https://www.va.gov/find-locations","SOURCEDATE":1610323200000,"VAL_METHOD":"IMAGERY/OTHER","VAL_DATE":1646265600000,"WEBSITE":"https://www.tucson.va.gov/locations/directions.asp","STATE_ID":"VHA_678","ALT_NAME":"NOT AVAILABLE","ST_FIPS":"04","OWNER":"GOVERNMENT - FEDERAL","TTL_STAFF":-999,"BEDS":-999,"TRAUMA":"NOT AVAILABLE","HELIPAD":"Y"}},{"type":"Feature","id":6110,"geometry":{"type":"Point","coordinates":[-104.8293191,39.7415896000001]},"properties":{"FID":6110,"OBJECTID":6594,"ID":"0196784873","NAME":"ROCKY MOUNTAIN REGIONAL VA MEDICAL CENTER","ADDRESS":"1700 NORTH WHEELING STREET","CITY":"AURORA","STATE":"CO","ZIP":"80045","ZIP4":"7211","TELEPHONE":"(303) 399-8020","TYPE":"MILITARY","STATUS":"OPEN","POPULATION":-999,"COUNTY":"ADAMS","COUNTYFIPS":"08001","COUNTRY":"USA","LATITUDE":39.7415896,"LONGITUDE":-104.8293191,"NAICS_CODE":"622110","NAICS_DESC":"GENERAL MEDICAL AND SURGICAL HOSPITALS","SOURCE":"https://www.va.gov/find-locations","SOURCEDATE":1610323200000,"VAL_METHOD":"IMAGERY/OTHER","VAL_DATE":1648771200000,"WEBSITE":"https://www.denver.va.gov/locations/directions.asp","STATE_ID":"VHA_554","ALT_NAME":"NOT AVAILABLE","ST_FIPS":"08","OWNER":"GOVERNMENT - FEDERAL","TTL_STAFF":-999,"BEDS":-999,"TRAUMA":"NOT AVAILABLE","HELIPAD":"N"}},{"type":"Feature","id":6111,"geometry":{"type":"Point","coordinates":[-106.58176736,35.05516799]},"properties":{"FID":6111,"OBJECTID":6595,"ID":"0009687108","NAME":"RAYMOND G. MURPHY DEPARTMENT OF VETERANS AFFAIRS MEDICAL CENTER","ADDRESS":"1501 SAN PEDRO DRIVE SOUTHEAST","CITY":"ALBUQUERQUE","STATE":"NM","ZIP":"87108","ZIP4":"5153","TELEPHONE":"(505) 265-1711","TYPE":"MILITARY","STATUS":"OPEN","POPULATION":-999,"COUNTY":"BERNALILLO","COUNTYFIPS":"35001","COUNTRY":"USA","LATITUDE":35.05516799,"LONGITUDE":-106.58176736,"NAICS_CODE":"622110","NAICS_DESC":"GENERAL MEDICAL AND SURGICAL HOSPITALS","SOURCE":"https://www.va.gov/find-locations","SOURCEDATE":1610323200000,"VAL_METHOD":"IMAGERY/OTHER","VAL_DATE":1432252800000,"WEBSITE":"https://www.albuquerque.va.gov/locations/directions.asp","STATE_ID":"VHA_501","ALT_NAME":"NOT AVAILABLE","ST_FIPS":"35","OWNER":"GOVERNMENT - FEDERAL","TTL_STAFF":-999,"BEDS":-999,"TRAUMA":"NOT AVAILABLE","HELIPAD":"N"}},{"type":"Feature","id":6112,"geometry":{"type":"Point","coordinates":[-103.47181513,44.4126772600001]},"properties":{"FID":6112,"OBJECTID":6596,"ID":"0013957741","NAME":"FORT MEADE VA MEDICAL CENTER","ADDRESS":"113 COMANCHE ROAD","CITY":"FORT MEADE","STATE":"SD","ZIP":"57741","ZIP4":"1002","TELEPHONE":"(605) 347-2511","TYPE":"MILITARY","STATUS":"OPEN","POPULATION":-999,"COUNTY":"MEADE","COUNTYFIPS":"46093","COUNTRY":"USA","LATITUDE":44.41267726,"LONGITUDE":-103.47181513,"NAICS_CODE":"622110","NAICS_DESC":"GENERAL MEDICAL AND SURGICAL HOSPITALS","SOURCE":"https://www.va.gov/find-locations","SOURCEDATE":1610323200000,"VAL_METHOD":"IMAGERY/OTHER","VAL_DATE":1432598400000,"WEBSITE":"https://www.blackhills.va.gov/locations/directions.asp","STATE_ID":"VHA_568","ALT_NAME":"NOT AVAILABLE","ST_FIPS":"46","OWNER":"GOVERNMENT - FEDERAL","TTL_STAFF":-999,"BEDS":-999,"TRAUMA":"NOT AVAILABLE","HELIPAD":"N"}},{"type":"Feature","id":6113,"geometry":{"type":"Point","coordinates":[-101.90669398,35.20367399]},"properties":{"FID":6113,"OBJECTID":6597,"ID":"0013679106","NAME":"THOMAS E. CREEK DEPARTMENT OF VETERANS AFFAIRS MEDICAL CENTER","ADDRESS":"6010 AMARILLO BOULEVARD WEST","CITY":"AMARILLO","STATE":"TX","ZIP":"79106","ZIP4":"1991","TELEPHONE":"(806) 355-9703","TYPE":"MILITARY","STATUS":"OPEN","POPULATION":55,"COUNTY":"POTTER","COUNTYFIPS":"48375","COUNTRY":"USA","LATITUDE":35.20367399,"LONGITUDE":-101.90669398,"NAICS_CODE":"622110","NAICS_DESC":"GENERAL MEDICAL AND SURGICAL HOSPITALS","SOURCE":"https://www.va.gov/find-locations","SOURCEDATE":1610323200000,"VAL_METHOD":"IMAGERY/OTHER","VAL_DATE":1432598400000,"WEBSITE":"https://www.amarillo.va.gov/locations/directions.asp","STATE_ID":"VHA_504","ALT_NAME":"NOT AVAILABLE","ST_FIPS":"48","OWNER":"GOVERNMENT - FEDERAL","TTL_STAFF":-999,"BEDS":55,"TRAUMA":"NOT AVAILABLE","HELIPAD":"N"}},{"type":"Feature","id":6114,"geometry":{"type":"Point","coordinates":[-96.75505857,43.5311018400001]},"properties":{"FID":6114,"OBJECTID":6598,"ID":"0004357105","NAME":"ROYAL C. JOHNSON VETERANS' MEMORIAL HOSPITAL","ADDRESS":"2501 WEST 22ND STREET","CITY":"SIOUX FALLS","STATE":"SD","ZIP":"57105","ZIP4":"5046","TELEPHONE":"(605) 336-3230","TYPE":"MILITARY","STATUS":"OPEN","POPULATION":-999,"COUNTY":"MINNEHAHA","COUNTYFIPS":"46099","COUNTRY":"USA","LATITUDE":43.53110184,"LONGITUDE":-96.75505857,"NAICS_CODE":"622110","NAICS_DESC":"GENERAL MEDICAL AND SURGICAL HOSPITALS","SOURCE":"https://www.va.gov/find-locations","SOURCEDATE":1610323200000,"VAL_METHOD":"IMAGERY","VAL_DATE":1388448000000,"WEBSITE":"https://www.va.gov/sioux-falls-health-care/locations/royal-c-johnson-veterans-memorial-hospital","STATE_ID":"VHA_438","ALT_NAME":"NOT AVAILABLE","ST_FIPS":"46","OWNER":"GOVERNMENT - FEDERAL","TTL_STAFF":-999,"BEDS":-999,"TRAUMA":"NOT AVAILABLE","HELIPAD":"N"}},{"type":"Feature","id":6115,"geometry":{"type":"Point","coordinates":[-96.77521876,46.9060101800001]},"properties":{"FID":6115,"OBJECTID":6599,"ID":"0000658102","NAME":"FARGO VA MEDICAL CENTER","ADDRESS":"2101 ELM STREET NORTH","CITY":"FARGO","STATE":"ND","ZIP":"58102","ZIP4":"2417","TELEPHONE":"(701) 239-3700","TYPE":"MILITARY","STATUS":"OPEN","POPULATION":-999,"COUNTY":"CASS","COUNTYFIPS":"38017","COUNTRY":"USA","LATITUDE":46.90601018,"LONGITUDE":-96.77521876,"NAICS_CODE":"622110","NAICS_DESC":"GENERAL MEDICAL AND SURGICAL HOSPITALS","SOURCE":"https://www.va.gov/find-locations","SOURCEDATE":1610323200000,"VAL_METHOD":"IMAGERY","VAL_DATE":1391990400000,"WEBSITE":"https://www.va.gov/fargo-health-care/locations/fargo-va-medical-center/","STATE_ID":"VHA_437","ALT_NAME":"NOT AVAILABLE","ST_FIPS":"38","OWNER":"GOVERNMENT - FEDERAL","TTL_STAFF":-999,"BEDS":-999,"TRAUMA":"NOT AVAILABLE","HELIPAD":"N"}},{"type":"Feature","id":6116,"geometry":{"type":"Point","coordinates":[-97.27464126,37.6812338]},"properties":{"FID":6116,"OBJECTID":6600,"ID":"0005367218","NAME":"ROBERT J. DOLE DEPARTMENT OF VETERANS AFFAIRS MEDICAL AND REGIONAL OFFICE CENTER","ADDRESS":"5500 EAST KELLOGG DRIVE","CITY":"WICHITA","STATE":"KS","ZIP":"67218","ZIP4":"1607","TELEPHONE":"(316) 685-2221","TYPE":"MILITARY","STATUS":"OPEN","POPULATION":81,"COUNTY":"SEDGWICK","COUNTYFIPS":"20173","COUNTRY":"USA","LATITUDE":37.6812338,"LONGITUDE":-97.27464126,"NAICS_CODE":"622110","NAICS_DESC":"GENERAL MEDICAL AND SURGICAL HOSPITALS","SOURCE":"https://www.va.gov/find-locations","SOURCEDATE":1610323200000,"VAL_METHOD":"IMAGERY/OTHER","VAL_DATE":1587081600000,"WEBSITE":"https://www.wichita.va.gov/locations/directions.asp","STATE_ID":"VHA_589A7","ALT_NAME":"NOT AVAILABLE","ST_FIPS":"20","OWNER":"GOVERNMENT - FEDERAL","TTL_STAFF":-999,"BEDS":81,"TRAUMA":"NOT AVAILABLE","HELIPAD":"N"}},{"type":"Feature","id":6117,"geometry":{"type":"Point","coordinates":[-97.49667171,35.4828151900001]},"properties":{"FID":6117,"OBJECTID":6601,"ID":"0011773104","NAME":"OKLAHOMA CITY VA MEDICAL CENTER","ADDRESS":"921 NORTHEAST 13TH STREET","CITY":"OKLAHOMA CITY","STATE":"OK","ZIP":"73104","ZIP4":"5007","TELEPHONE":"(405) 456-1000","TYPE":"MILITARY","STATUS":"OPEN","POPULATION":-999,"COUNTY":"OKLAHOMA","COUNTYFIPS":"40109","COUNTRY":"USA","LATITUDE":35.48281519,"LONGITUDE":-97.49667171,"NAICS_CODE":"622110","NAICS_DESC":"GENERAL MEDICAL AND SURGICAL HOSPITALS","SOURCE":"https://www.va.gov/find-locations","SOURCEDATE":1610323200000,"VAL_METHOD":"IMAGERY/OTHER","VAL_DATE":1432598400000,"WEBSITE":"https://www.va.gov/oklahoma-city-health-care/locations/oklahoma-city-va-medical-center/","STATE_ID":"VHA_635","ALT_NAME":"NOT AVAILABLE","ST_FIPS":"40","OWNER":"GOVERNMENT - FEDERAL","TTL_STAFF":-999,"BEDS":-999,"TRAUMA":"NOT AVAILABLE","HELIPAD":"Y"}},{"type":"Feature","id":6118,"geometry":{"type":"Point","coordinates":[-95.9743764999999,41.24253129]},"properties":{"FID":6118,"OBJECTID":6602,"ID":"0009268105","NAME":"OMAHA VA MEDICAL CENTER","ADDRESS":"4101 WOOLWORTH AVENUE","CITY":"OMAHA","STATE":"NE","ZIP":"68105","ZIP4":"1850","TELEPHONE":"(402) 346-8800","TYPE":"MILITARY","STATUS":"OPEN","POPULATION":-999,"COUNTY":"DOUGLAS","COUNTYFIPS":"31055","COUNTRY":"USA","LATITUDE":41.24253129,"LONGITUDE":-95.9743765,"NAICS_CODE":"622110","NAICS_DESC":"GENERAL MEDICAL AND SURGICAL HOSPITALS","SOURCE":"https://www.va.gov/find-locations","SOURCEDATE":1610323200000,"VAL_METHOD":"IMAGERY/OTHER","VAL_DATE":1586217600000,"WEBSITE":"https://www.nebraska.va.gov/locations/directions.asp","STATE_ID":"VHA_636","ALT_NAME":"NOT AVAILABLE","ST_FIPS":"31","OWNER":"GOVERNMENT - FEDERAL","TTL_STAFF":-999,"BEDS":-999,"TRAUMA":"NOT AVAILABLE","HELIPAD":"N"}},{"type":"Feature","id":6119,"geometry":{"type":"Point","coordinates":[-95.72279545,39.0262321800001]},"properties":{"FID":6119,"OBJECTID":6603,"ID":"0005766622","NAME":"COLMERY - O'NEIL VETERANS' ADMINISTRATION MEDICAL CENTER","ADDRESS":"2200 SOUTHWEST GAGE BOULEVARD","CITY":"TOPEKA","STATE":"KS","ZIP":"66622","ZIP4":"0001","TELEPHONE":"(785) 350-3111","TYPE":"MILITARY","STATUS":"OPEN","POPULATION":196,"COUNTY":"SHAWNEE","COUNTYFIPS":"20177","COUNTRY":"USA","LATITUDE":39.02623218,"LONGITUDE":-95.72279545,"NAICS_CODE":"622110","NAICS_DESC":"GENERAL MEDICAL AND SURGICAL HOSPITALS","SOURCE":"https://www.va.gov/find-locations","SOURCEDATE":1610323200000,"VAL_METHOD":"IMAGERY/OTHER","VAL_DATE":1586995200000,"WEBSITE":"https://www.topeka.va.gov/locations/directions.asp","STATE_ID":"VHA_589A5","ALT_NAME":"NOT AVAILABLE","ST_FIPS":"20","OWNER":"GOVERNMENT - FEDERAL","TTL_STAFF":-999,"BEDS":196,"TRAUMA":"NOT AVAILABLE","HELIPAD":"Y"}},{"type":"Feature","id":6120,"geometry":{"type":"Point","coordinates":[-94.8938356899999,39.27939624]},"properties":{"FID":6120,"OBJECTID":6604,"ID":"0005166048","NAME":"DWIGHT D. EISENHOWER DEPARTMENT OF VETERANS AFFAIRS MEDICAL CENTER","ADDRESS":"4101 4TH STREET TRAFFICWAY","CITY":"LEAVENWORTH","STATE":"KS","ZIP":"66048","ZIP4":"5014","TELEPHONE":"(913) 682-2000","TYPE":"MILITARY","STATUS":"OPEN","POPULATION":204,"COUNTY":"LEAVENWORTH","COUNTYFIPS":"20103","COUNTRY":"USA","LATITUDE":39.27939624,"LONGITUDE":-94.89383569,"NAICS_CODE":"622110","NAICS_DESC":"GENERAL MEDICAL AND SURGICAL HOSPITALS","SOURCE":"https://www.va.gov/find-locations","SOURCEDATE":1610323200000,"VAL_METHOD":"IMAGERY/OTHER","VAL_DATE":1586995200000,"WEBSITE":"https://www.topeka.va.gov/locations/leavenworthdirections.asp","STATE_ID":"VHA_589A6","ALT_NAME":"NOT AVAILABLE","ST_FIPS":"20","OWNER":"GOVERNMENT - FEDERAL","TTL_STAFF":-999,"BEDS":204,"TRAUMA":"NOT AVAILABLE","HELIPAD":"N"}},{"type":"Feature","id":6121,"geometry":{"type":"Point","coordinates":[-96.79128946,32.69305631]},"properties":{"FID":6121,"OBJECTID":6605,"ID":"0014675216","NAME":"DALLAS VA MEDICAL CENTER","ADDRESS":"4500 SOUTH LANCASTER ROAD","CITY":"DALLAS","STATE":"TX","ZIP":"75216","ZIP4":"7167","TELEPHONE":"(214) 742-8387","TYPE":"MILITARY","STATUS":"OPEN","POPULATION":292,"COUNTY":"DALLAS","COUNTYFIPS":"48113","COUNTRY":"USA","LATITUDE":32.69305631,"LONGITUDE":-96.79128946,"NAICS_CODE":"622110","NAICS_DESC":"GENERAL MEDICAL AND SURGICAL HOSPITALS","SOURCE":"https://www.va.gov/find-locations","SOURCEDATE":1610323200000,"VAL_METHOD":"IMAGERY/OTHER","VAL_DATE":1432857600000,"WEBSITE":"https://www.northtexas.va.gov/locations/directions.asp","STATE_ID":"VHA_549","ALT_NAME":"NOT AVAILABLE","ST_FIPS":"48","OWNER":"GOVERNMENT - FEDERAL","TTL_STAFF":-999,"BEDS":292,"TRAUMA":"NOT AVAILABLE","HELIPAD":"N"}},{"type":"Feature","id":6122,"geometry":{"type":"Point","coordinates":[-94.5264144,39.0640641000001]},"properties":{"FID":6122,"OBJECTID":6606,"ID":"0007864128","NAME":"KANSAS CITY VA MEDICAL CENTER","ADDRESS":"4801 LINWOOD BOULEVARD","CITY":"KANSAS CITY","STATE":"MO","ZIP":"64128","ZIP4":"2226","TELEPHONE":"(816) 861-4700","TYPE":"MILITARY","STATUS":"OPEN","POPULATION":157,"COUNTY":"JACKSON","COUNTYFIPS":"29095","COUNTRY":"USA","LATITUDE":39.0640641,"LONGITUDE":-94.5264144,"NAICS_CODE":"622110","NAICS_DESC":"GENERAL MEDICAL AND SURGICAL HOSPITALS","SOURCE":"https://www.va.gov/find-locations","SOURCEDATE":1610323200000,"VAL_METHOD":"IMAGERY/OTHER","VAL_DATE":1432252800000,"WEBSITE":"https://www.kansascity.va.gov/locations/directions.asp","STATE_ID":"VHA_589","ALT_NAME":"NOT AVAILABLE","ST_FIPS":"29","OWNER":"GOVERNMENT - FEDERAL","TTL_STAFF":-999,"BEDS":157,"TRAUMA":"NOT AVAILABLE","HELIPAD":"N"}},{"type":"Feature","id":6123,"geometry":{"type":"Point","coordinates":[-95.4146643999999,35.76527571]},"properties":{"FID":6123,"OBJECTID":6607,"ID":"0011974401","NAME":"JACK C. MONTGOMERY DEPARTMENT OF VETERANS AFFAIRS MEDICAL CENTER","ADDRESS":"1011 HONOR HEIGHTS DRIVE","CITY":"MUSKOGEE","STATE":"OK","ZIP":"74401","ZIP4":"1318","TELEPHONE":"(888) 397-8387","TYPE":"MILITARY","STATUS":"OPEN","POPULATION":-999,"COUNTY":"MUSKOGEE","COUNTYFIPS":"40101","COUNTRY":"USA","LATITUDE":35.76527571,"LONGITUDE":-95.4146644,"NAICS_CODE":"622110","NAICS_DESC":"GENERAL MEDICAL AND SURGICAL HOSPITALS","SOURCE":"https://www.va.gov/find-locations","SOURCEDATE":1610323200000,"VAL_METHOD":"IMAGERY/OTHER","VAL_DATE":1432598400000,"WEBSITE":"https://www.va.gov/eastern-oklahoma-health-care/locations/jack-c-montgomery-department-of-veterans-affairs-medical/","STATE_ID":"VHA_623","ALT_NAME":"NOT AVAILABLE","ST_FIPS":"40","OWNER":"GOVERNMENT - FEDERAL","TTL_STAFF":-999,"BEDS":-999,"TRAUMA":"NOT AVAILABLE","HELIPAD":"N"}},{"type":"Feature","id":6124,"geometry":{"type":"Point","coordinates":[-98.57984558,29.50666476]},"properties":{"FID":6124,"OBJECTID":6608,"ID":"0015078229","NAME":"AUDIE L. MURPHY MEMORIAL VETERANS' HOSPITAL","ADDRESS":"7400 MERTON MINTER BOULEVARD","CITY":"SAN ANTONIO","STATE":"TX","ZIP":"78229","ZIP4":"4404","TELEPHONE":"(210) 617-5300","TYPE":"MILITARY","STATUS":"OPEN","POPULATION":268,"COUNTY":"BEXAR","COUNTYFIPS":"48029","COUNTRY":"USA","LATITUDE":29.50666476,"LONGITUDE":-98.57984558,"NAICS_CODE":"622110","NAICS_DESC":"GENERAL MEDICAL AND SURGICAL HOSPITALS","SOURCE":"https://www.va.gov/find-locations","SOURCEDATE":1610323200000,"VAL_METHOD":"IMAGERY/OTHER","VAL_DATE":1432857600000,"WEBSITE":"https://www.southtexas.va.gov/locations/directions.asp","STATE_ID":"VHA_671","ALT_NAME":"NOT AVAILABLE","ST_FIPS":"48","OWNER":"GOVERNMENT - FEDERAL","TTL_STAFF":-999,"BEDS":268,"TRAUMA":"NOT AVAILABLE","HELIPAD":"Y"}},{"type":"Feature","id":6125,"geometry":{"type":"Point","coordinates":[-97.34757981,31.07640423]},"properties":{"FID":6125,"OBJECTID":6609,"ID":"0015276504","NAME":"OLIN E. TEAGUE VETERANS' CENTER","ADDRESS":"1901 VETERANS MEMORIAL DRIVE","CITY":"TEMPLE","STATE":"TX","ZIP":"76504","ZIP4":"7451","TELEPHONE":"(254) 778-4811","TYPE":"MILITARY","STATUS":"OPEN","POPULATION":177,"COUNTY":"BELL","COUNTYFIPS":"48027","COUNTRY":"USA","LATITUDE":31.07640423,"LONGITUDE":-97.34757981,"NAICS_CODE":"622110","NAICS_DESC":"GENERAL MEDICAL AND SURGICAL HOSPITALS","SOURCE":"https://www.va.gov/find-locations","SOURCEDATE":1610323200000,"VAL_METHOD":"IMAGERY/OTHER","VAL_DATE":1432857600000,"WEBSITE":"https://www.centraltexas.va.gov/locations/directions.asp","STATE_ID":"VHA_674","ALT_NAME":"NOT AVAILABLE","ST_FIPS":"48","OWNER":"GOVERNMENT - FEDERAL","TTL_STAFF":-999,"BEDS":177,"TRAUMA":"NOT AVAILABLE","HELIPAD":"N"}},{"type":"Feature","id":6126,"geometry":{"type":"Point","coordinates":[-93.66067216,41.6277514500001]},"properties":{"FID":6126,"OBJECTID":6610,"ID":"0093650310","NAME":"DES MOINES VA MEDICAL CENTER","ADDRESS":"3600 30TH STREET","CITY":"DES MOINES","STATE":"IA","ZIP":"50310","ZIP4":"5753","TELEPHONE":"(515) 699-5999","TYPE":"MILITARY","STATUS":"OPEN","POPULATION":51,"COUNTY":"POLK","COUNTYFIPS":"19153","COUNTRY":"USA","LATITUDE":41.62775145,"LONGITUDE":-93.66067216,"NAICS_CODE":"622110","NAICS_DESC":"GENERAL MEDICAL AND SURGICAL HOSPITALS","SOURCE":"https://www.va.gov/find-locations","SOURCEDATE":1610323200000,"VAL_METHOD":"IMAGERY/OTHER","VAL_DATE":1426896000000,"WEBSITE":"https://www.centraliowa.va.gov/locations/directions.asp","STATE_ID":"VHA_636A6","ALT_NAME":"NOT AVAILABLE","ST_FIPS":"19","OWNER":"GOVERNMENT - FEDERAL","TTL_STAFF":-999,"BEDS":51,"TRAUMA":"NOT AVAILABLE","HELIPAD":"N"}},{"type":"Feature","id":6127,"geometry":{"type":"Point","coordinates":[-93.20592013,44.90149015]},"properties":{"FID":6127,"OBJECTID":6611,"ID":"0196784874","NAME":"MINNEAPOLIS VA MEDICAL CENTER","ADDRESS":"1 VETERANS DRIVE","CITY":"MINNEAPOLIS","STATE":"MN","ZIP":"55417","ZIP4":"2309","TELEPHONE":"(612) 725-2000","TYPE":"MILITARY","STATUS":"OPEN","POPULATION":-999,"COUNTY":"HENNEPIN","COUNTYFIPS":"27053","COUNTRY":"USA","LATITUDE":44.90149015,"LONGITUDE":-93.20592013,"NAICS_CODE":"622110","NAICS_DESC":"GENERAL MEDICAL AND SURGICAL HOSPITALS","SOURCE":"https://www.va.gov/find-locations","SOURCEDATE":1610323200000,"VAL_METHOD":"IMAGERY/OTHER","VAL_DATE":1646265600000,"WEBSITE":"https://www.va.gov/minneapolis-health-care/locations/minneapolis-va-medical-center/","STATE_ID":"VHA_618","ALT_NAME":"NOT AVAILABLE","ST_FIPS":"27","OWNER":"GOVERNMENT - FEDERAL","TTL_STAFF":-999,"BEDS":-999,"TRAUMA":"NOT AVAILABLE","HELIPAD":"N"}},{"type":"Feature","id":6128,"geometry":{"type":"Point","coordinates":[-94.160127,36.081419]},"properties":{"FID":6128,"OBJECTID":6612,"ID":"0181172703","NAME":"FAYETTEVILLE VA MEDICAL CENTER","ADDRESS":"1100 NORTH COLLEGE AVENUE","CITY":"FAYETTEVILLE","STATE":"AR","ZIP":"72703","ZIP4":"1944","TELEPHONE":"(479) 443-4301","TYPE":"MILITARY","STATUS":"OPEN","POPULATION":78,"COUNTY":"WASHINGTON","COUNTYFIPS":"05143","COUNTRY":"USA","LATITUDE":36.081419,"LONGITUDE":-94.160127,"NAICS_CODE":"622110","NAICS_DESC":"GENERAL MEDICAL AND SURGICAL HOSPITALS","SOURCE":"https://www.va.gov/find-locations","SOURCEDATE":1610323200000,"VAL_METHOD":"IMAGERY","VAL_DATE":1557360000000,"WEBSITE":"https://www.fayettevillear.va.gov/locations/directions.asp","STATE_ID":"VHA_564","ALT_NAME":"NOT AVAILABLE","ST_FIPS":"05","OWNER":"GOVERNMENT - FEDERAL","TTL_STAFF":-999,"BEDS":78,"TRAUMA":"NOT AVAILABLE","HELIPAD":"Y"}},{"type":"Feature","id":6129,"geometry":{"type":"Point","coordinates":[-92.32905785,38.93666726]},"properties":{"FID":6129,"OBJECTID":6613,"ID":"0008665201","NAME":"HARRY S. TRUMAN MEMORIAL VETERANS' HOSPITAL","ADDRESS":"800 HOSPITAL DRIVE","CITY":"COLUMBIA","STATE":"MO","ZIP":"65201","ZIP4":"5297","TELEPHONE":"(573) 814-6000","TYPE":"MILITARY","STATUS":"OPEN","POPULATION":126,"COUNTY":"BOONE","COUNTYFIPS":"29019","COUNTRY":"USA","LATITUDE":38.93666726,"LONGITUDE":-92.32905785,"NAICS_CODE":"622110","NAICS_DESC":"GENERAL MEDICAL AND SURGICAL HOSPITALS","SOURCE":"https://www.va.gov/find-locations","SOURCEDATE":1610323200000,"VAL_METHOD":"IMAGERY/OTHER","VAL_DATE":1432252800000,"WEBSITE":"https://www.columbiamo.va.gov/locations/directions.asp","STATE_ID":"VHA_589A4","ALT_NAME":"NOT AVAILABLE","ST_FIPS":"29","OWNER":"GOVERNMENT - FEDERAL","TTL_STAFF":-999,"BEDS":126,"TRAUMA":"NOT AVAILABLE","HELIPAD":"N"}},{"type":"Feature","id":6130,"geometry":{"type":"Point","coordinates":[-91.54848851,41.6637023000001]},"properties":{"FID":6130,"OBJECTID":6614,"ID":"0094852246","NAME":"IOWA CITY VA MEDICAL CENTER","ADDRESS":"601 HIGHWAY 6 WEST","CITY":"IOWA CITY","STATE":"IA","ZIP":"52246","ZIP4":"2209","TELEPHONE":"(319) 338-0581","TYPE":"MILITARY","STATUS":"OPEN","POPULATION":93,"COUNTY":"JOHNSON","COUNTYFIPS":"19103","COUNTRY":"USA","LATITUDE":41.6637023,"LONGITUDE":-91.54848851,"NAICS_CODE":"622110","NAICS_DESC":"GENERAL MEDICAL AND SURGICAL HOSPITALS","SOURCE":"https://www.va.gov/find-locations","SOURCEDATE":1610323200000,"VAL_METHOD":"IMAGERY/OTHER","VAL_DATE":1426896000000,"WEBSITE":"https://www.iowacity.va.gov/locations/directions.asp","STATE_ID":"VHA_636A8","ALT_NAME":"NOT AVAILABLE","ST_FIPS":"19","OWNER":"GOVERNMENT - FEDERAL","TTL_STAFF":-999,"BEDS":93,"TRAUMA":"NOT AVAILABLE","HELIPAD":"N"}},{"type":"Feature","id":6131,"geometry":{"type":"Point","coordinates":[-95.38877345,29.69976575]},"properties":{"FID":6131,"OBJECTID":6615,"ID":"0014977030","NAME":"MICHAEL E. DEBAKEY DEPARTMENT OF VETERANS AFFAIRS MEDICAL CENTER","ADDRESS":"2002 HOLCOMBE BOULEVARD","CITY":"HOUSTON","STATE":"TX","ZIP":"77030","ZIP4":"4211","TELEPHONE":"(713) 791-1414","TYPE":"MILITARY","STATUS":"OPEN","POPULATION":349,"COUNTY":"HARRIS","COUNTYFIPS":"48201","COUNTRY":"USA","LATITUDE":29.69976575,"LONGITUDE":-95.38877345,"NAICS_CODE":"622110","NAICS_DESC":"GENERAL MEDICAL AND SURGICAL HOSPITALS","SOURCE":"https://www.va.gov/find-locations","SOURCEDATE":1610323200000,"VAL_METHOD":"IMAGERY/OTHER","VAL_DATE":1432857600000,"WEBSITE":"https://www.va.gov/houston-health-care/locations/michael-e-debakey-department-of-veterans-affairs-medical-center/","STATE_ID":"VHA_580","ALT_NAME":"NOT AVAILABLE","ST_FIPS":"48","OWNER":"GOVERNMENT - FEDERAL","TTL_STAFF":-999,"BEDS":349,"TRAUMA":"NOT AVAILABLE","HELIPAD":"Y"}},{"type":"Feature","id":6132,"geometry":{"type":"Point","coordinates":[-93.722022,32.5030302700001]},"properties":{"FID":6132,"OBJECTID":6616,"ID":"0174071101","NAME":"OVERTON BROOKS VETERANS' ADMINISTRATION MEDICAL CENTER","ADDRESS":"510 EAST STONER AVENUE","CITY":"SHREVEPORT","STATE":"LA","ZIP":"71101","ZIP4":"4243","TELEPHONE":"(318) 221-8411","TYPE":"MILITARY","STATUS":"OPEN","POPULATION":111,"COUNTY":"CADDO","COUNTYFIPS":"22017","COUNTRY":"USA","LATITUDE":32.503030269999996,"LONGITUDE":-93.722022,"NAICS_CODE":"622110","NAICS_DESC":"GENERAL MEDICAL AND SURGICAL HOSPITALS","SOURCE":"https://www.va.gov/find-locations","SOURCEDATE":1610323200000,"VAL_METHOD":"IMAGERY","VAL_DATE":1557360000000,"WEBSITE":"https://www.va.gov/shreveport-health-care/locations/overton-brooks-veterans-administration-medical-center/","STATE_ID":"NOT AVAILABLE","ALT_NAME":"NOT AVAILABLE","ST_FIPS":"22","OWNER":"GOVERNMENT - FEDERAL","TTL_STAFF":-999,"BEDS":111,"TRAUMA":"NOT AVAILABLE","HELIPAD":"N"}},{"type":"Feature","id":6133,"geometry":{"type":"Point","coordinates":[-92.320213,34.7460360000001]},"properties":{"FID":6133,"OBJECTID":6617,"ID":"0175872205","NAME":"JOHN L. MCCLELLAN MEMORIAL VETERANS' HOSPITAL","ADDRESS":"4300 WEST SEVENTH STREET","CITY":"LITTLE ROCK","STATE":"AR","ZIP":"72205","ZIP4":"5446","TELEPHONE":"(501) 257-1000","TYPE":"MILITARY","STATUS":"OPEN","POPULATION":538,"COUNTY":"PULASKI","COUNTYFIPS":"05119","COUNTRY":"USA","LATITUDE":34.746036,"LONGITUDE":-92.320213,"NAICS_CODE":"622110","NAICS_DESC":"GENERAL MEDICAL AND SURGICAL HOSPITALS","SOURCE":"https://www.va.gov/find-locations","SOURCEDATE":1610323200000,"VAL_METHOD":"IMAGERY","VAL_DATE":1557360000000,"WEBSITE":"https://www.va.gov/central-arkansas-health-care/locations/john-l-mcclellan-memorial-veterans-hospital","STATE_ID":"VHA_598","ALT_NAME":"NOT AVAILABLE","ST_FIPS":"05","OWNER":"GOVERNMENT - FEDERAL","TTL_STAFF":-999,"BEDS":538,"TRAUMA":"NOT AVAILABLE","HELIPAD":"Y"}},{"type":"Feature","id":6134,"geometry":{"type":"Point","coordinates":[-90.23124854,38.64238456]},"properties":{"FID":6134,"OBJECTID":6618,"ID":"0008263106","NAME":"JOHN J. COCHRAN VETERANS HOSPITAL","ADDRESS":"915 NORTH GRAND BOULEVARD","CITY":"ST. LOUIS","STATE":"MO","ZIP":"63106","ZIP4":"1621","TELEPHONE":"(314) 652-4100","TYPE":"MILITARY","STATUS":"OPEN","POPULATION":356,"COUNTY":"ST. LOUIS CITY","COUNTYFIPS":"29510","COUNTRY":"USA","LATITUDE":38.64238456,"LONGITUDE":-90.23124854,"NAICS_CODE":"622110","NAICS_DESC":"GENERAL MEDICAL AND SURGICAL HOSPITALS","SOURCE":"https://www.va.gov/find-locations","SOURCEDATE":1610323200000,"VAL_METHOD":"IMAGERY/OTHER","VAL_DATE":1432252800000,"WEBSITE":"https://www.stlouis.va.gov/locations/directions.asp","STATE_ID":"VHA_657","ALT_NAME":"NOT AVAILABLE","ST_FIPS":"29","OWNER":"GOVERNMENT - FEDERAL","TTL_STAFF":-999,"BEDS":356,"TRAUMA":"NOT AVAILABLE","HELIPAD":"N"}},{"type":"Feature","id":6135,"geometry":{"type":"Point","coordinates":[-89.43112581,43.0742477700001]},"properties":{"FID":6135,"OBJECTID":6619,"ID":"0016653705","NAME":"WILLIAM S. MIDDLETON MEMORIAL VETERANS' HOSPITAL","ADDRESS":"2500 OVERLOOK TERRACE","CITY":"MADISON","STATE":"WI","ZIP":"53705","ZIP4":"2254","TELEPHONE":"(608) 256-1901","TYPE":"MILITARY","STATUS":"OPEN","POPULATION":-999,"COUNTY":"DANE","COUNTYFIPS":"55025","COUNTRY":"USA","LATITUDE":43.07424777,"LONGITUDE":-89.43112581,"NAICS_CODE":"622110","NAICS_DESC":"GENERAL MEDICAL AND SURGICAL HOSPITALS","SOURCE":"https://www.va.gov/find-locations","SOURCEDATE":1610323200000,"VAL_METHOD":"IMAGERY/OTHER","VAL_DATE":1432857600000,"WEBSITE":"https://www.madison.va.gov/locations/directions.asp","STATE_ID":"VHA_607","ALT_NAME":"NOT AVAILABLE","ST_FIPS":"55","OWNER":"GOVERNMENT - FEDERAL","TTL_STAFF":-999,"BEDS":-999,"TRAUMA":"NOT AVAILABLE","HELIPAD":"Y"}},{"type":"Feature","id":6136,"geometry":{"type":"Point","coordinates":[-90.02634368,35.1435207500001]},"properties":{"FID":6136,"OBJECTID":6620,"ID":"0016538104","NAME":"MEMPHIS VA MEDICAL CENTER","ADDRESS":"1030 JEFFERSON AVENUE","CITY":"MEMPHIS","STATE":"TN","ZIP":"38104","ZIP4":"2127","TELEPHONE":"(901) 523-8990","TYPE":"MILITARY","STATUS":"OPEN","POPULATION":280,"COUNTY":"SHELBY","COUNTYFIPS":"47157","COUNTRY":"USA","LATITUDE":35.14352075,"LONGITUDE":-90.02634368,"NAICS_CODE":"622110","NAICS_DESC":"GENERAL MEDICAL AND SURGICAL HOSPITALS","SOURCE":"https://www.va.gov/find-locations","SOURCEDATE":1610323200000,"VAL_METHOD":"IMAGERY/OTHER","VAL_DATE":1394582400000,"WEBSITE":"https://www.memphis.va.gov/locations/directions.asp","STATE_ID":"VHA_614","ALT_NAME":"NOT AVAILABLE","ST_FIPS":"47","OWNER":"GOVERNMENT - FEDERAL","TTL_STAFF":-999,"BEDS":280,"TRAUMA":"NOT AVAILABLE","HELIPAD":"N"}},{"type":"Feature","id":6137,"geometry":{"type":"Point","coordinates":[-88.9548159999999,37.72431427]},"properties":{"FID":6137,"OBJECTID":6621,"ID":"0004562959","NAME":"MARION VA MEDICAL CENTER","ADDRESS":"2401 WEST MAIN STREET","CITY":"MARION","STATE":"IL","ZIP":"62959","ZIP4":"1165","TELEPHONE":"(618) 997-5311","TYPE":"MILITARY","STATUS":"OPEN","POPULATION":225,"COUNTY":"WILLIAMSON","COUNTYFIPS":"17199","COUNTRY":"USA","LATITUDE":37.72431427,"LONGITUDE":-88.954816,"NAICS_CODE":"622110","NAICS_DESC":"GENERAL MEDICAL AND SURGICAL HOSPITALS","SOURCE":"https://www.va.gov/find-locations","SOURCEDATE":1610323200000,"VAL_METHOD":"IMAGERY","VAL_DATE":1394582400000,"WEBSITE":"https://www.marion.va.gov/locations/directions.asp","STATE_ID":"VHA_657A5","ALT_NAME":"NOT AVAILABLE","ST_FIPS":"17","OWNER":"GOVERNMENT - FEDERAL","TTL_STAFF":-999,"BEDS":225,"TRAUMA":"NOT AVAILABLE","HELIPAD":"Y"}},{"type":"Feature","id":6138,"geometry":{"type":"Point","coordinates":[-90.16732631,32.32789016]},"properties":{"FID":6138,"OBJECTID":6622,"ID":"0007939216","NAME":"G.V. - SONNY - MONTGOMERY DEPARTMENT OF VETERANS AFFAIRS MEDICAL CENTER","ADDRESS":"1500 EAST WOODROW WILSON AVENUE","CITY":"JACKSON","STATE":"MS","ZIP":"39216","ZIP4":"5116","TELEPHONE":"(800) 949-1009","TYPE":"MILITARY","STATUS":"OPEN","POPULATION":210,"COUNTY":"HINDS","COUNTYFIPS":"28049","COUNTRY":"USA","LATITUDE":32.32789016,"LONGITUDE":-90.16732631,"NAICS_CODE":"622110","NAICS_DESC":"GENERAL MEDICAL AND SURGICAL HOSPITALS","SOURCE":"https://www.va.gov/find-locations","SOURCEDATE":1610323200000,"VAL_METHOD":"IMAGERY/OTHER","VAL_DATE":1588118400000,"WEBSITE":"https://www.jackson.va.gov/locations/directions.asp","STATE_ID":"VHA_586","ALT_NAME":"NOT AVAILABLE","ST_FIPS":"28","OWNER":"GOVERNMENT - FEDERAL","TTL_STAFF":-999,"BEDS":210,"TRAUMA":"NOT AVAILABLE","HELIPAD":"N"}},{"type":"Feature","id":6139,"geometry":{"type":"Point","coordinates":[-87.97646349,43.020788968]},"properties":{"FID":6139,"OBJECTID":6623,"ID":"0196784875","NAME":"CLEMENT J. ZABLOCKI VETERANS' ADMINISTRATION MEDICAL CENTER","ADDRESS":"5000 WEST NATIONAL AVENUE","CITY":"MILWAUKEE","STATE":"WI","ZIP":"53295","ZIP4":"1000","TELEPHONE":"(414) 384-2000","TYPE":"MILITARY","STATUS":"OPEN","POPULATION":-999,"COUNTY":"MILWAUKEE","COUNTYFIPS":"55079","COUNTRY":"USA","LATITUDE":43.02078897,"LONGITUDE":-87.97646349,"NAICS_CODE":"622110","NAICS_DESC":"GENERAL MEDICAL AND SURGICAL HOSPITALS","SOURCE":"https://www.va.gov/find-locations","SOURCEDATE":1610323200000,"VAL_METHOD":"IMAGERY/OTHER","VAL_DATE":1646265600000,"WEBSITE":"https://www.milwaukee.va.gov/locations/directions.asp","STATE_ID":"VHA_695","ALT_NAME":"NOT AVAILABLE","ST_FIPS":"55","OWNER":"GOVERNMENT - FEDERAL","TTL_STAFF":-999,"BEDS":-999,"TRAUMA":"NOT AVAILABLE","HELIPAD":"N"}},{"type":"Feature","id":6140,"geometry":{"type":"Point","coordinates":[-87.84129591,41.8610986]},"properties":{"FID":6140,"OBJECTID":6624,"ID":"0003860141","NAME":"EDWARD HINES JUNIOR HOSPITAL","ADDRESS":"5000 SOUTH 5TH AVENUE","CITY":"HINES","STATE":"IL","ZIP":"60141","ZIP4":"3030","TELEPHONE":"(708) 202-8387","TYPE":"MILITARY","STATUS":"OPEN","POPULATION":450,"COUNTY":"COOK","COUNTYFIPS":"17031","COUNTRY":"USA","LATITUDE":41.8610986,"LONGITUDE":-87.84129591,"NAICS_CODE":"622110","NAICS_DESC":"GENERAL MEDICAL AND SURGICAL HOSPITALS","SOURCE":"https://www.va.gov/find-locations","SOURCEDATE":1610323200000,"VAL_METHOD":"IMAGERY","VAL_DATE":1389916800000,"WEBSITE":"https://www.hines.va.gov/locations/directions.asp","STATE_ID":"VHA_578","ALT_NAME":"NOT AVAILABLE","ST_FIPS":"17","OWNER":"GOVERNMENT - FEDERAL","TTL_STAFF":-999,"BEDS":450,"TRAUMA":"NOT AVAILABLE","HELIPAD":"Y"}},{"type":"Feature","id":6141,"geometry":{"type":"Point","coordinates":[-87.67704148,41.87073782]},"properties":{"FID":6141,"OBJECTID":6625,"ID":"0001860612","NAME":"JESSE BROWN DEPARTMENT OF VETERANS AFFAIRS MEDICAL CENTER","ADDRESS":"820 SOUTH DAMEN AVENUE","CITY":"CHICAGO","STATE":"IL","ZIP":"60612","ZIP4":"3728","TELEPHONE":"(312) 569-8387","TYPE":"MILITARY","STATUS":"OPEN","POPULATION":240,"COUNTY":"COOK","COUNTYFIPS":"17031","COUNTRY":"USA","LATITUDE":41.87073782,"LONGITUDE":-87.67704148,"NAICS_CODE":"622110","NAICS_DESC":"GENERAL MEDICAL AND SURGICAL HOSPITALS","SOURCE":"https://www.va.gov/find-locations","SOURCEDATE":1610323200000,"VAL_METHOD":"IMAGERY","VAL_DATE":1391990400000,"WEBSITE":"https://www.chicago.va.gov/locations/directions.asp","STATE_ID":"VHA_537","ALT_NAME":"NOT AVAILABLE","ST_FIPS":"17","OWNER":"GOVERNMENT - FEDERAL","TTL_STAFF":-999,"BEDS":240,"TRAUMA":"NOT AVAILABLE","HELIPAD":"N"}},{"type":"Feature","id":6142,"geometry":{"type":"Point","coordinates":[-90.08417201,29.9621957300001]},"properties":{"FID":6142,"OBJECTID":6626,"ID":"0174170119","NAME":"NEW ORLEANS VA MEDICAL CENTER","ADDRESS":"2400 CANAL STREET","CITY":"NEW ORLEANS","STATE":"LA","ZIP":"70119","ZIP4":"6535","TELEPHONE":"(800) 935-8387","TYPE":"MILITARY","STATUS":"OPEN","POPULATION":120,"COUNTY":"ORLEANS","COUNTYFIPS":"22071","COUNTRY":"USA","LATITUDE":29.96219573,"LONGITUDE":-90.08417201,"NAICS_CODE":"622110","NAICS_DESC":"GENERAL MEDICAL AND SURGICAL HOSPITALS","SOURCE":"https://www.va.gov/find-locations","SOURCEDATE":1610323200000,"VAL_METHOD":"IMAGERY/OTHER","VAL_DATE":1646265600000,"WEBSITE":"https://www.va.gov/southeast-louisiana-health-care/locations/new-orleans-va-medical-center/","STATE_ID":"NOT AVAILABLE","ALT_NAME":"NOT AVAILABLE","ST_FIPS":"22","OWNER":"GOVERNMENT - FEDERAL","TTL_STAFF":-999,"BEDS":120,"TRAUMA":"NOT AVAILABLE","HELIPAD":"N"}},{"type":"Feature","id":6143,"geometry":{"type":"Point","coordinates":[-88.9450439,30.4148783000001]},"properties":{"FID":6143,"OBJECTID":6627,"ID":"0196784877","NAME":"BILOXI VA MEDICAL CENTER","ADDRESS":"400 VETERANS AVENUE","CITY":"BILOXI","STATE":"MS","ZIP":"39531","ZIP4":"2410","TELEPHONE":"(228) 523-5000","TYPE":"MILITARY","STATUS":"OPEN","POPULATION":-999,"COUNTY":"HARRISON","COUNTYFIPS":"28047","COUNTRY":"USA","LATITUDE":30.4148783,"LONGITUDE":-88.9450439,"NAICS_CODE":"622110","NAICS_DESC":"GENERAL MEDICAL AND SURGICAL HOSPITALS","SOURCE":"https://www.va.gov/find-locations","SOURCEDATE":1610323200000,"VAL_METHOD":"IMAGERY/OTHER","VAL_DATE":1646265600000,"WEBSITE":"https://www.va.gov/gulf-coast-health-care/locations/biloxi-va-medical-center/","STATE_ID":"VHA_520","ALT_NAME":"NOT AVAILABLE","ST_FIPS":"28","OWNER":"GOVERNMENT - FEDERAL","TTL_STAFF":-999,"BEDS":-999,"TRAUMA":"NOT AVAILABLE","HELIPAD":"N"}},{"type":"Feature","id":6144,"geometry":{"type":"Point","coordinates":[-86.18716442,39.77846306]},"properties":{"FID":6144,"OBJECTID":6628,"ID":"0004646202","NAME":"RICHARD L. ROUDEBUSH VETERANS' ADMINISTRATION MEDICAL CENTER","ADDRESS":"1481 WEST TENTH STREET","CITY":"INDIANAPOLIS","STATE":"IN","ZIP":"46202","ZIP4":"2884","TELEPHONE":"(317) 554-0000","TYPE":"MILITARY","STATUS":"OPEN","POPULATION":197,"COUNTY":"MARION","COUNTYFIPS":"18097","COUNTRY":"USA","LATITUDE":39.77846306,"LONGITUDE":-86.18716442,"NAICS_CODE":"622110","NAICS_DESC":"GENERAL MEDICAL AND SURGICAL HOSPITALS","SOURCE":"https://www.va.gov/find-locations","SOURCEDATE":1610323200000,"VAL_METHOD":"IMAGERY/OTHER","VAL_DATE":1432080000000,"WEBSITE":"https://www.indianapolis.va.gov/locations/directions.asp","STATE_ID":"VHA_583","ALT_NAME":"NOT AVAILABLE","ST_FIPS":"18","OWNER":"GOVERNMENT - FEDERAL","TTL_STAFF":-999,"BEDS":197,"TRAUMA":"NOT AVAILABLE","HELIPAD":"N"}},{"type":"Feature","id":6145,"geometry":{"type":"Point","coordinates":[-86.80423925,36.14175705]},"properties":{"FID":6145,"OBJECTID":6629,"ID":"0013537212","NAME":"NASHVILLE VA MEDICAL CENTER","ADDRESS":"1310 24TH AVENUE SOUTH","CITY":"NASHVILLE","STATE":"TN","ZIP":"37212","ZIP4":"2637","TELEPHONE":"(615) 327-4751","TYPE":"MILITARY","STATUS":"OPEN","POPULATION":493,"COUNTY":"DAVIDSON","COUNTYFIPS":"47037","COUNTRY":"USA","LATITUDE":36.14175705,"LONGITUDE":-86.80423925,"NAICS_CODE":"622110","NAICS_DESC":"GENERAL MEDICAL AND SURGICAL HOSPITALS","SOURCE":"https://www.va.gov/find-locations","SOURCEDATE":1610323200000,"VAL_METHOD":"IMAGERY/OTHER","VAL_DATE":1432598400000,"WEBSITE":"https://www.tennesseevalley.va.gov/locations/directions.asp","STATE_ID":"VHA_626","ALT_NAME":"NOT AVAILABLE","ST_FIPS":"47","OWNER":"GOVERNMENT - FEDERAL","TTL_STAFF":-999,"BEDS":493,"TRAUMA":"NOT AVAILABLE","HELIPAD":"Y"}},{"type":"Feature","id":6146,"geometry":{"type":"Point","coordinates":[-85.696895,38.2702590000001]},"properties":{"FID":6146,"OBJECTID":6630,"ID":"0173640206","NAME":"ROBLEY REX DEPARTMENT OF VETERANS AFFAIRS MEDICAL CENTER","ADDRESS":"800 ZORN AVENUE","CITY":"LOUISVILLE","STATE":"KY","ZIP":"40206","ZIP4":"1433","TELEPHONE":"(502) 287-4000","TYPE":"MILITARY","STATUS":"OPEN","POPULATION":109,"COUNTY":"JEFFERSON","COUNTYFIPS":"21111","COUNTRY":"USA","LATITUDE":38.270259,"LONGITUDE":-85.696895,"NAICS_CODE":"622110","NAICS_DESC":"GENERAL MEDICAL AND SURGICAL HOSPITALS","SOURCE":"https://www.va.gov/find-locations","SOURCEDATE":1610323200000,"VAL_METHOD":"IMAGERY","VAL_DATE":1557360000000,"WEBSITE":"https://www.louisville.va.gov/locations/directions.asp","STATE_ID":"VHA_603","ALT_NAME":"NOT AVAILABLE","ST_FIPS":"21","OWNER":"GOVERNMENT - FEDERAL","TTL_STAFF":-999,"BEDS":109,"TRAUMA":"NOT AVAILABLE","HELIPAD":"N"}},{"type":"Feature","id":6147,"geometry":{"type":"Point","coordinates":[-86.8013461199999,33.5044482600001]},"properties":{"FID":6147,"OBJECTID":6631,"ID":"0001335233","NAME":"BIRMINGHAM VA MEDICAL CENTER","ADDRESS":"700 SOUTH 19TH STREET","CITY":"BIRMINGHAM","STATE":"AL","ZIP":"35233","ZIP4":"1927","TELEPHONE":"(205) 933-8101","TYPE":"MILITARY","STATUS":"OPEN","POPULATION":313,"COUNTY":"JEFFERSON","COUNTYFIPS":"01073","COUNTRY":"USA","LATITUDE":33.50444826,"LONGITUDE":-86.80134612,"NAICS_CODE":"622110","NAICS_DESC":"GENERAL MEDICAL AND SURGICAL HOSPITALS","SOURCE":"https://www.va.gov/find-locations","SOURCEDATE":1610323200000,"VAL_METHOD":"IMAGERY/OTHER","VAL_DATE":1431475200000,"WEBSITE":"https://www.birmingham.va.gov/locations/directions.asp","STATE_ID":"VHA_521","ALT_NAME":"NOT AVAILABLE","ST_FIPS":"01","OWNER":"GOVERNMENT - FEDERAL","TTL_STAFF":-999,"BEDS":313,"TRAUMA":"NOT AVAILABLE","HELIPAD":"Y"}},{"type":"Feature","id":6148,"geometry":{"type":"Point","coordinates":[-85.1095178799999,41.0907864600001]},"properties":{"FID":6148,"OBJECTID":6632,"ID":"0004246805","NAME":"FORT WAYNE VA MEDICAL CENTER","ADDRESS":"2121 LAKE AVENUE","CITY":"FORT WAYNE","STATE":"IN","ZIP":"46805","ZIP4":"5100","TELEPHONE":"(260) 426-5431","TYPE":"MILITARY","STATUS":"OPEN","POPULATION":26,"COUNTY":"ALLEN","COUNTYFIPS":"18003","COUNTRY":"USA","LATITUDE":41.09078646,"LONGITUDE":-85.10951788,"NAICS_CODE":"622110","NAICS_DESC":"GENERAL MEDICAL AND SURGICAL HOSPITALS","SOURCE":"https://www.va.gov/find-locations","SOURCEDATE":1610323200000,"VAL_METHOD":"IMAGERY/OTHER","VAL_DATE":1431907200000,"WEBSITE":"https://www.northernindiana.va.gov/locations/fortwayne.asp","STATE_ID":"VHA_610A4","ALT_NAME":"NOT AVAILABLE","ST_FIPS":"18","OWNER":"GOVERNMENT - FEDERAL","TTL_STAFF":-999,"BEDS":26,"TRAUMA":"NOT AVAILABLE","HELIPAD":"N"}},{"type":"Feature","id":6149,"geometry":{"type":"Point","coordinates":[-86.24345557,32.3771735]},"properties":{"FID":6149,"OBJECTID":6633,"ID":"0001436109","NAME":"CENTRAL ALABAMA VA MEDICAL CENTER - MONTGOMERY","ADDRESS":"215 PERRY HILL ROAD","CITY":"MONTGOMERY","STATE":"AL","ZIP":"36109","ZIP4":"3725","TELEPHONE":"(334) 272-4670","TYPE":"MILITARY","STATUS":"OPEN","POPULATION":-999,"COUNTY":"MONTGOMERY","COUNTYFIPS":"01101","COUNTRY":"USA","LATITUDE":32.3771735,"LONGITUDE":-86.24345557,"NAICS_CODE":"622110","NAICS_DESC":"GENERAL MEDICAL AND SURGICAL HOSPITALS","SOURCE":"https://dph1.adph.state.al.us/FacilitiesDirectoryReports/Reports/ReportDirectoryExcelExport-2021-10-19-1245007191115.xls","SOURCEDATE":1610323200000,"VAL_METHOD":"IMAGERY/OTHER","VAL_DATE":1648771200000,"WEBSITE":"https://www.centralalabama.va.gov/locations/directions.asp","STATE_ID":"VHA_619","ALT_NAME":"NOT AVAILABLE","ST_FIPS":"01","OWNER":"GOVERNMENT - FEDERAL","TTL_STAFF":-999,"BEDS":-999,"TRAUMA":"NOT AVAILABLE","HELIPAD":"N"}},{"type":"Feature","id":6150,"geometry":{"type":"Point","coordinates":[-84.50819455,39.13941364]},"properties":{"FID":6150,"OBJECTID":6634,"ID":"0009245220","NAME":"CINCINNATI VA MEDICAL CENTER","ADDRESS":"3200 VINE STREET","CITY":"CINCINNATI","STATE":"OH","ZIP":"45220","ZIP4":"2213","TELEPHONE":"(513) 861-3100","TYPE":"MILITARY","STATUS":"OPEN","POPULATION":268,"COUNTY":"HAMILTON","COUNTYFIPS":"39061","COUNTRY":"USA","LATITUDE":39.13941364,"LONGITUDE":-84.50819455,"NAICS_CODE":"622110","NAICS_DESC":"GENERAL MEDICAL AND SURGICAL HOSPITALS","SOURCE":"https://www.va.gov/find-locations","SOURCEDATE":1610323200000,"VAL_METHOD":"IMAGERY/OTHER","VAL_DATE":1391126400000,"WEBSITE":"https://www.cincinnati.va.gov/locations/cincinnati_va_medical_center.asp","STATE_ID":"VHA_539","ALT_NAME":"NOT AVAILABLE","ST_FIPS":"39","OWNER":"GOVERNMENT - FEDERAL","TTL_STAFF":-999,"BEDS":268,"TRAUMA":"NOT AVAILABLE","HELIPAD":"N"}},{"type":"Feature","id":6151,"geometry":{"type":"Point","coordinates":[-84.506404,38.0298040000001]},"properties":{"FID":6151,"OBJECTID":6635,"ID":"0175640502","NAME":"TROY BOWLING CAMPUS","ADDRESS":"1101 VETERANS DRIVE","CITY":"LEXINGTON","STATE":"KY","ZIP":"40502","ZIP4":"2235","TELEPHONE":"(859) 233-4511","TYPE":"MILITARY","STATUS":"OPEN","POPULATION":-999,"COUNTY":"FAYETTE","COUNTYFIPS":"21067","COUNTRY":"USA","LATITUDE":38.029804,"LONGITUDE":-84.506404,"NAICS_CODE":"622110","NAICS_DESC":"GENERAL MEDICAL AND SURGICAL HOSPITALS","SOURCE":"https://www.va.gov/find-locations","SOURCEDATE":1610323200000,"VAL_METHOD":"IMAGERY","VAL_DATE":1557446400000,"WEBSITE":"https://www.lexington.va.gov/locations/directions.asp","STATE_ID":"VHA_596A4","ALT_NAME":"NOT AVAILABLE","ST_FIPS":"21","OWNER":"GOVERNMENT - FEDERAL","TTL_STAFF":-999,"BEDS":-999,"TRAUMA":"NOT AVAILABLE","HELIPAD":"Y"}},{"type":"Feature","id":6152,"geometry":{"type":"Point","coordinates":[-84.2645845599999,39.74265668]},"properties":{"FID":6152,"OBJECTID":6636,"ID":"0010845428","NAME":"DAYTON VA MEDICAL CENTER","ADDRESS":"4100 WEST THIRD STREET","CITY":"DAYTON","STATE":"OH","ZIP":"45428","ZIP4":"9000","TELEPHONE":"(937) 268-6511","TYPE":"MILITARY","STATUS":"OPEN","POPULATION":460,"COUNTY":"MONTGOMERY","COUNTYFIPS":"39113","COUNTRY":"USA","LATITUDE":39.74265668,"LONGITUDE":-84.26458456,"NAICS_CODE":"622110","NAICS_DESC":"GENERAL MEDICAL AND SURGICAL HOSPITALS","SOURCE":"https://www.va.gov/find-locations","SOURCEDATE":1610323200000,"VAL_METHOD":"IMAGERY","VAL_DATE":1391990400000,"WEBSITE":"https://www.dayton.va.gov/locations/directions.asp","STATE_ID":"VHA_552","ALT_NAME":"NOT AVAILABLE","ST_FIPS":"39","OWNER":"GOVERNMENT - FEDERAL","TTL_STAFF":-999,"BEDS":460,"TRAUMA":"NOT AVAILABLE","HELIPAD":"Y"}},{"type":"Feature","id":6153,"geometry":{"type":"Point","coordinates":[-83.71464059,42.28669332]},"properties":{"FID":6153,"OBJECTID":6637,"ID":"0007448105","NAME":"LIEUTENANT COLONEL CHARLES S. KETTLES VA MEDICAL CENTER","ADDRESS":"2215 FULLER ROAD","CITY":"ANN ARBOR","STATE":"MI","ZIP":"48105","ZIP4":"2303","TELEPHONE":"(734) 769-7100","TYPE":"MILITARY","STATUS":"OPEN","POPULATION":102,"COUNTY":"WASHTENAW","COUNTYFIPS":"26161","COUNTRY":"USA","LATITUDE":42.28669332,"LONGITUDE":-83.71464059,"NAICS_CODE":"622110","NAICS_DESC":"GENERAL MEDICAL AND SURGICAL HOSPITALS","SOURCE":"https://www.va.gov/find-locations","SOURCEDATE":1610323200000,"VAL_METHOD":"IMAGERY/OTHER","VAL_DATE":1432252800000,"WEBSITE":"https://www.annarbor.va.gov/locations/directions.asp","STATE_ID":"VHA_506","ALT_NAME":"NOT AVAILABLE","ST_FIPS":"26","OWNER":"GOVERNMENT - FEDERAL","TTL_STAFF":-999,"BEDS":102,"TRAUMA":"NOT AVAILABLE","HELIPAD":"N"}},{"type":"Feature","id":6154,"geometry":{"type":"Point","coordinates":[-83.05919812,42.3557221500001]},"properties":{"FID":6154,"OBJECTID":6638,"ID":"0007248201","NAME":"JOHN D. DINGELL DEPARTMENT OF VETERANS AFFAIRS MEDICAL CENTER","ADDRESS":"4646 JOHN R STREET","CITY":"DETROIT","STATE":"MI","ZIP":"48201","ZIP4":"1916","TELEPHONE":"(313) 576-1000","TYPE":"MILITARY","STATUS":"OPEN","POPULATION":62,"COUNTY":"WAYNE","COUNTYFIPS":"26163","COUNTRY":"USA","LATITUDE":42.35572215,"LONGITUDE":-83.05919812,"NAICS_CODE":"622110","NAICS_DESC":"GENERAL MEDICAL AND SURGICAL HOSPITALS","SOURCE":"https://www.va.gov/find-locations","SOURCEDATE":1610323200000,"VAL_METHOD":"IMAGERY/OTHER","VAL_DATE":1432080000000,"WEBSITE":"https://www.detroit.va.gov/locations/directions.asp","STATE_ID":"VHA_553","ALT_NAME":"NOT AVAILABLE","ST_FIPS":"26","OWNER":"GOVERNMENT - FEDERAL","TTL_STAFF":-999,"BEDS":62,"TRAUMA":"NOT AVAILABLE","HELIPAD":"Y"}},{"type":"Feature","id":6155,"geometry":{"type":"Point","coordinates":[-84.311425,33.801861]},"properties":{"FID":6155,"OBJECTID":6639,"ID":"0180830033","NAME":"ATLANTA VA MEDICAL CENTER","ADDRESS":"1670 CLAIRMONT ROAD","CITY":"DECATUR","STATE":"GA","ZIP":"30033","ZIP4":"4004","TELEPHONE":"(404) 321-6111","TYPE":"MILITARY","STATUS":"OPEN","POPULATION":466,"COUNTY":"DEKALB","COUNTYFIPS":"13089","COUNTRY":"USA","LATITUDE":33.801861,"LONGITUDE":-84.311425,"NAICS_CODE":"622110","NAICS_DESC":"GENERAL MEDICAL AND SURGICAL HOSPITALS","SOURCE":"https://www.va.gov/find-locations","SOURCEDATE":1610323200000,"VAL_METHOD":"IMAGERY","VAL_DATE":1557360000000,"WEBSITE":"https://www.atlanta.va.gov/locations/directions.asp","STATE_ID":"VHA_508","ALT_NAME":"NOT AVAILABLE","ST_FIPS":"13","OWNER":"GOVERNMENT - FEDERAL","TTL_STAFF":-999,"BEDS":466,"TRAUMA":"NOT AVAILABLE","HELIPAD":"N"}},{"type":"Feature","id":6156,"geometry":{"type":"Point","coordinates":[-82.517463311,38.376788877]},"properties":{"FID":6156,"OBJECTID":6640,"ID":"0196784879","NAME":"HERSHEL - WOODY - WILLIAMS VA MEDICAL CENTER","ADDRESS":"1540 SPRING VALLEY DRIVE","CITY":"HUNTINGTON","STATE":"WV","ZIP":"25704","ZIP4":"9300","TELEPHONE":"(304) 429-6741","TYPE":"MILITARY","STATUS":"OPEN","POPULATION":-999,"COUNTY":"WAYNE","COUNTYFIPS":"54099","COUNTRY":"USA","LATITUDE":38.37678888,"LONGITUDE":-82.51746331,"NAICS_CODE":"622110","NAICS_DESC":"GENERAL MEDICAL AND SURGICAL HOSPITALS","SOURCE":"https://www.va.gov/find-locations","SOURCEDATE":1610323200000,"VAL_METHOD":"IMAGERY/OTHER","VAL_DATE":1646265600000,"WEBSITE":"https://www.huntington.va.gov/locations/directions.asp","STATE_ID":"VHA_581","ALT_NAME":"NOT AVAILABLE","ST_FIPS":"54","OWNER":"GOVERNMENT - FEDERAL","TTL_STAFF":-999,"BEDS":-999,"TRAUMA":"NOT AVAILABLE","HELIPAD":"Y"}},{"type":"Feature","id":6157,"geometry":{"type":"Point","coordinates":[-82.37020633,36.30913796]},"properties":{"FID":6157,"OBJECTID":6641,"ID":"0014537684","NAME":"JAMES H. QUILLEN DEPARTMENT OF VETERANS AFFAIRS MEDICAL CENTER","ADDRESS":"CORNER OF LAMONT STREET AND VETERANS WAY","CITY":"MOUNTAIN HOME","STATE":"TN","ZIP":"37684","ZIP4":"NOT AVAILABLE","TELEPHONE":"(423) 926-1171","TYPE":"MILITARY","STATUS":"OPEN","POPULATION":-999,"COUNTY":"WASHINGTON","COUNTYFIPS":"47179","COUNTRY":"USA","LATITUDE":36.30913796,"LONGITUDE":-82.37020633,"NAICS_CODE":"622110","NAICS_DESC":"GENERAL MEDICAL AND SURGICAL HOSPITALS","SOURCE":"https://www.va.gov/find-locations","SOURCEDATE":1610323200000,"VAL_METHOD":"IMAGERY/OTHER","VAL_DATE":1432857600000,"WEBSITE":"https://www.mountainhome.va.gov/locations/directions.asp","STATE_ID":"VHA_621","ALT_NAME":"NOT AVAILABLE","ST_FIPS":"47","OWNER":"GOVERNMENT - FEDERAL","TTL_STAFF":-999,"BEDS":-999,"TRAUMA":"NOT AVAILABLE","HELIPAD":"N"}},{"type":"Feature","id":6158,"geometry":{"type":"Point","coordinates":[-82.4835408499999,35.5886137900001]},"properties":{"FID":6158,"OBJECTID":6642,"ID":"0008928805","NAME":"CHARLES GEORGE DEPARTMENT OF VETERANS AFFAIRS MEDICAL CENTER","ADDRESS":"1100 TUNNEL ROAD","CITY":"ASHEVILLE","STATE":"NC","ZIP":"28805","ZIP4":"2087","TELEPHONE":"(828) 298-7911","TYPE":"MILITARY","STATUS":"OPEN","POPULATION":119,"COUNTY":"BUNCOMBE","COUNTYFIPS":"37021","COUNTRY":"USA","LATITUDE":35.58861379,"LONGITUDE":-82.48354085,"NAICS_CODE":"622110","NAICS_DESC":"GENERAL MEDICAL AND SURGICAL HOSPITALS","SOURCE":"https://www.va.gov/find-locations","SOURCEDATE":1610323200000,"VAL_METHOD":"IMAGERY/OTHER","VAL_DATE":1432252800000,"WEBSITE":"https://www.va.gov/asheville-health-care/locations/charles-george-department-of-veterans-affairs-medical-center/","STATE_ID":"VHA_637","ALT_NAME":"NOT AVAILABLE","ST_FIPS":"37","OWNER":"GOVERNMENT - FEDERAL","TTL_STAFF":-999,"BEDS":119,"TRAUMA":"NOT AVAILABLE","HELIPAD":"N"}},{"type":"Feature","id":6159,"geometry":{"type":"Point","coordinates":[-81.61370354,41.51325639]},"properties":{"FID":6159,"OBJECTID":6643,"ID":"0001244106","NAME":"LOUIS STOKES CLEVELAND DEPARTMENT OF VETERANS AFFAIRS MEDICAL CENTER","ADDRESS":"10701 EAST BOULEVARD","CITY":"CLEVELAND","STATE":"OH","ZIP":"44106","ZIP4":"1702","TELEPHONE":"(216) 791-3800","TYPE":"MILITARY","STATUS":"OPEN","POPULATION":585,"COUNTY":"CUYAHOGA","COUNTYFIPS":"39035","COUNTRY":"USA","LATITUDE":41.51325639,"LONGITUDE":-81.61370354,"NAICS_CODE":"622110","NAICS_DESC":"GENERAL MEDICAL AND SURGICAL HOSPITALS","SOURCE":"https://www.va.gov/find-locations","SOURCEDATE":1610323200000,"VAL_METHOD":"IMAGERY","VAL_DATE":1391472000000,"WEBSITE":"https://www.cleveland.va.gov/locations/directions.asp","STATE_ID":"VHA_541","ALT_NAME":"NOT AVAILABLE","ST_FIPS":"39","OWNER":"GOVERNMENT - FEDERAL","TTL_STAFF":-999,"BEDS":585,"TRAUMA":"NOT AVAILABLE","HELIPAD":"N"}},{"type":"Feature","id":6160,"geometry":{"type":"Point","coordinates":[-81.19320077,37.7649654800001]},"properties":{"FID":6160,"OBJECTID":6644,"ID":"0016725801","NAME":"BECKLEY VA MEDICAL CENTER","ADDRESS":"200 VETERANS AVENUE","CITY":"BECKLEY","STATE":"WV","ZIP":"25801","ZIP4":"6444","TELEPHONE":"(304) 255-2121","TYPE":"MILITARY","STATUS":"OPEN","POPULATION":-999,"COUNTY":"RALEIGH","COUNTYFIPS":"54081","COUNTRY":"USA","LATITUDE":37.76496548,"LONGITUDE":-81.19320077,"NAICS_CODE":"622110","NAICS_DESC":"GENERAL MEDICAL AND SURGICAL HOSPITALS","SOURCE":"https://www.va.gov/find-locations","SOURCEDATE":1610323200000,"VAL_METHOD":"IMAGERY/OTHER","VAL_DATE":1432857600000,"WEBSITE":"https://www.beckley.va.gov/locations/directions.asp","STATE_ID":"VHA_517","ALT_NAME":"NOT AVAILABLE","ST_FIPS":"54","OWNER":"GOVERNMENT - FEDERAL","TTL_STAFF":-999,"BEDS":-999,"TRAUMA":"NOT AVAILABLE","HELIPAD":"Y"}},{"type":"Feature","id":6161,"geometry":{"type":"Point","coordinates":[-82.025447,33.464616]},"properties":{"FID":6161,"OBJECTID":6645,"ID":"0180930904","NAME":"CHARLIE NORWOOD DEPARTMENT OF VETERANS AFFAIRS MEDICAL CENTER","ADDRESS":"950 15TH STREET","CITY":"AUGUSTA","STATE":"GA","ZIP":"30904","ZIP4":"2608","TELEPHONE":"(706) 733-0188","TYPE":"MILITARY","STATUS":"OPEN","POPULATION":-999,"COUNTY":"RICHMOND","COUNTYFIPS":"13245","COUNTRY":"USA","LATITUDE":33.464616,"LONGITUDE":-82.025447,"NAICS_CODE":"622110","NAICS_DESC":"GENERAL MEDICAL AND SURGICAL HOSPITALS","SOURCE":"https://www.va.gov/find-locations","SOURCEDATE":1610323200000,"VAL_METHOD":"IMAGERY","VAL_DATE":1557360000000,"WEBSITE":"https://www.augusta.va.gov/locations/directions.asp","STATE_ID":"VHA_509","ALT_NAME":"NOT AVAILABLE","ST_FIPS":"13","OWNER":"GOVERNMENT - FEDERAL","TTL_STAFF":-999,"BEDS":-999,"TRAUMA":"NOT AVAILABLE","HELIPAD":"N"}},{"type":"Feature","id":6162,"geometry":{"type":"Point","coordinates":[-82.63605347,30.18182054]},"properties":{"FID":6162,"OBJECTID":6646,"ID":"0021032025","NAME":"LAKE CITY VA MEDICAL CENTER","ADDRESS":"619 SOUTH MARION AVENUE","CITY":"LAKE CITY","STATE":"FL","ZIP":"32025","ZIP4":"5808","TELEPHONE":"(386) 755-3016","TYPE":"MILITARY","STATUS":"OPEN","POPULATION":180,"COUNTY":"COLUMBIA","COUNTYFIPS":"12023","COUNTRY":"USA","LATITUDE":30.18182054,"LONGITUDE":-82.63605347,"NAICS_CODE":"622110","NAICS_DESC":"GENERAL MEDICAL AND SURGICAL HOSPITALS","SOURCE":"https://www.va.gov/find-locations","SOURCEDATE":1610323200000,"VAL_METHOD":"IMAGERY","VAL_DATE":1391990400000,"WEBSITE":"https://www.northflorida.va.gov/locations/lakecity.asp","STATE_ID":"VHA_573A4","ALT_NAME":"NOT AVAILABLE","ST_FIPS":"12","OWNER":"GOVERNMENT - FEDERAL","TTL_STAFF":-999,"BEDS":180,"TRAUMA":"NOT AVAILABLE","HELIPAD":"N"}},{"type":"Feature","id":6163,"geometry":{"type":"Point","coordinates":[-80.36212141,39.2697341200001]},"properties":{"FID":6163,"OBJECTID":6647,"ID":"0016826301","NAME":"LOUIS A. JOHNSON VETERANS' ADMINISTRATION MEDICAL CENTER","ADDRESS":"1 MEDICAL CENTER DRIVE","CITY":"CLARKSBURG","STATE":"WV","ZIP":"26301","ZIP4":"4155","TELEPHONE":"(304) 623-3461","TYPE":"MILITARY","STATUS":"OPEN","POPULATION":-999,"COUNTY":"HARRISON","COUNTYFIPS":"54033","COUNTRY":"USA","LATITUDE":39.26973412,"LONGITUDE":-80.36212141,"NAICS_CODE":"622110","NAICS_DESC":"GENERAL MEDICAL AND SURGICAL HOSPITALS","SOURCE":"https://www.va.gov/find-locations","SOURCEDATE":1610323200000,"VAL_METHOD":"IMAGERY/OTHER","VAL_DATE":1432857600000,"WEBSITE":"https://www.clarksburg.va.gov/locations/directions.asp","STATE_ID":"VHA_540","ALT_NAME":"NOT AVAILABLE","ST_FIPS":"54","OWNER":"GOVERNMENT - FEDERAL","TTL_STAFF":-999,"BEDS":-999,"TRAUMA":"NOT AVAILABLE","HELIPAD":"Y"}},{"type":"Feature","id":6164,"geometry":{"type":"Point","coordinates":[-79.96172439,40.4467792400001]},"properties":{"FID":6164,"OBJECTID":6648,"ID":"0012715240","NAME":"PITTSBURGH VA MEDICAL CENTER - UNIVERSITY DRIVE","ADDRESS":"UNIVERSITY DRIVE C","CITY":"PITTSBURGH","STATE":"PA","ZIP":"15240","ZIP4":"1003","TELEPHONE":"(866) 482-7488","TYPE":"MILITARY","STATUS":"OPEN","POPULATION":146,"COUNTY":"ALLEGHENY","COUNTYFIPS":"42003","COUNTRY":"USA","LATITUDE":40.44677924,"LONGITUDE":-79.96172439,"NAICS_CODE":"622110","NAICS_DESC":"GENERAL MEDICAL AND SURGICAL HOSPITALS","SOURCE":"https://www.va.gov/find-locations","SOURCEDATE":1610323200000,"VAL_METHOD":"IMAGERY/OTHER","VAL_DATE":1432598400000,"WEBSITE":"https://www.va.gov/pittsburgh-health-care/locations/pittsburgh-va-medical-center-university-drive/","STATE_ID":"VHA_646","ALT_NAME":"NOT AVAILABLE","ST_FIPS":"42","OWNER":"GOVERNMENT - FEDERAL","TTL_STAFF":-999,"BEDS":146,"TRAUMA":"NOT AVAILABLE","HELIPAD":"N"}},{"type":"Feature","id":6165,"geometry":{"type":"Point","coordinates":[-80.9588998099999,33.9751419300001]},"properties":{"FID":6165,"OBJECTID":6649,"ID":"0013829209","NAME":"WM. JENNINGS BRYAN DORN DEPARTMENT OF VETERANS AFFAIRS MEDICAL CENTER","ADDRESS":"6439 GARNERS FERRY ROAD","CITY":"COLUMBIA","STATE":"SC","ZIP":"29209","ZIP4":"1638","TELEPHONE":"(803) 776-4000","TYPE":"MILITARY","STATUS":"OPEN","POPULATION":-999,"COUNTY":"RICHLAND","COUNTYFIPS":"45079","COUNTRY":"USA","LATITUDE":33.97514193,"LONGITUDE":-80.95889981,"NAICS_CODE":"622110","NAICS_DESC":"GENERAL MEDICAL AND SURGICAL HOSPITALS","SOURCE":"https://www.va.gov/find-locations","SOURCEDATE":1610323200000,"VAL_METHOD":"IMAGERY/OTHER","VAL_DATE":1432598400000,"WEBSITE":"https://www.columbiasc.va.gov/locations/directions.asp","STATE_ID":"VHA_544","ALT_NAME":"NOT AVAILABLE","ST_FIPS":"45","OWNER":"GOVERNMENT - FEDERAL","TTL_STAFF":-999,"BEDS":-999,"TRAUMA":"NOT AVAILABLE","HELIPAD":"N"}},{"type":"Feature","id":6166,"geometry":{"type":"Point","coordinates":[-82.34466908,29.63769848]},"properties":{"FID":6166,"OBJECTID":6650,"ID":"0023132608","NAME":"MALCOM RANDALL DEPARTMENT OF VETERANS AFFAIRS MEDICAL CENTER","ADDRESS":"1601 SOUTHWEST ARCHER ROAD","CITY":"GAINESVILLE","STATE":"FL","ZIP":"32608","ZIP4":"1135","TELEPHONE":"(352) 376-1611","TYPE":"MILITARY","STATUS":"OPEN","POPULATION":222,"COUNTY":"ALACHUA","COUNTYFIPS":"12001","COUNTRY":"USA","LATITUDE":29.63769848,"LONGITUDE":-82.34466908,"NAICS_CODE":"622110","NAICS_DESC":"GENERAL MEDICAL AND SURGICAL HOSPITALS","SOURCE":"https://www.va.gov/find-locations","SOURCEDATE":1610323200000,"VAL_METHOD":"IMAGERY","VAL_DATE":1394582400000,"WEBSITE":"https://www.northflorida.va.gov/locations/directions.asp","STATE_ID":"VHA_573","ALT_NAME":"NOT AVAILABLE","ST_FIPS":"12","OWNER":"GOVERNMENT - FEDERAL","TTL_STAFF":-999,"BEDS":222,"TRAUMA":"NOT AVAILABLE","HELIPAD":"N"}},{"type":"Feature","id":6167,"geometry":{"type":"Point","coordinates":[-80.48815776,35.6841998400001]},"properties":{"FID":6167,"OBJECTID":6651,"ID":"0009028144","NAME":"W.G. - BILL - HEFNER SALISBURY DEPARTMENT OF VETERANS AFFAIRS MEDICAL CENTER","ADDRESS":"1601 BRENNER AVENUE","CITY":"SALISBURY","STATE":"NC","ZIP":"28144","ZIP4":"2515","TELEPHONE":"(704) 638-9000","TYPE":"MILITARY","STATUS":"OPEN","POPULATION":159,"COUNTY":"ROWAN","COUNTYFIPS":"37159","COUNTRY":"USA","LATITUDE":35.68419984,"LONGITUDE":-80.48815776,"NAICS_CODE":"622110","NAICS_DESC":"GENERAL MEDICAL AND SURGICAL HOSPITALS","SOURCE":"https://www.va.gov/find-locations","SOURCEDATE":1610323200000,"VAL_METHOD":"IMAGERY/OTHER","VAL_DATE":1432252800000,"WEBSITE":"https://www.va.gov/salisbury-health-care/locations/wg-bill-hefner-salisbury-department-of-veterans-affairs-medical/","STATE_ID":"VHA_659","ALT_NAME":"NOT AVAILABLE","ST_FIPS":"37","OWNER":"GOVERNMENT - FEDERAL","TTL_STAFF":-999,"BEDS":159,"TRAUMA":"NOT AVAILABLE","HELIPAD":"Y"}},{"type":"Feature","id":6168,"geometry":{"type":"Point","coordinates":[-80.01844528,37.2739603900001]},"properties":{"FID":6168,"OBJECTID":6652,"ID":"0005024153","NAME":"SALEM VA MEDICAL CENTER","ADDRESS":"1970 ROANOKE BOULEVARD","CITY":"SALEM","STATE":"VA","ZIP":"24153","ZIP4":"6404","TELEPHONE":"(540) 982-2463","TYPE":"MILITARY","STATUS":"OPEN","POPULATION":288,"COUNTY":"SALEM CITY","COUNTYFIPS":"51775","COUNTRY":"USA","LATITUDE":37.27396039,"LONGITUDE":-80.01844528,"NAICS_CODE":"622110","NAICS_DESC":"GENERAL MEDICAL AND SURGICAL HOSPITALS","SOURCE":"https://www.va.gov/find-locations","SOURCEDATE":1610323200000,"VAL_METHOD":"IMAGERY","VAL_DATE":1391990400000,"WEBSITE":"https://www.va.gov/salem-health-care/locations/salem-va-medical-center/","STATE_ID":"VHA_658","ALT_NAME":"NOT AVAILABLE","ST_FIPS":"51","OWNER":"GOVERNMENT - FEDERAL","TTL_STAFF":-999,"BEDS":288,"TRAUMA":"NOT AVAILABLE","HELIPAD":"N"}},{"type":"Feature","id":6169,"geometry":{"type":"Point","coordinates":[-82.7785459999999,27.81021638]},"properties":{"FID":6169,"OBJECTID":6653,"ID":"0002733744","NAME":"C.W. BILL YOUNG DEPARTMENT OF VETERANS AFFAIRS MEDICAL CENTER","ADDRESS":"10000 BAY PINES BOULEVARD","CITY":"BAY PINES","STATE":"FL","ZIP":"33744","ZIP4":"8200","TELEPHONE":"(727) 398-6661","TYPE":"MILITARY","STATUS":"OPEN","POPULATION":-999,"COUNTY":"PINELLAS","COUNTYFIPS":"12103","COUNTRY":"USA","LATITUDE":27.81021638,"LONGITUDE":-82.778546,"NAICS_CODE":"622110","NAICS_DESC":"GENERAL MEDICAL AND SURGICAL HOSPITALS","SOURCE":"https://www.va.gov/find-locations","SOURCEDATE":1610323200000,"VAL_METHOD":"IMAGERY/OTHER","VAL_DATE":1646265600000,"WEBSITE":"https://www.baypines.va.gov/locations/directions.asp","STATE_ID":"VHA_516","ALT_NAME":"NOT AVAILABLE","ST_FIPS":"12","OWNER":"GOVERNMENT - FEDERAL","TTL_STAFF":-999,"BEDS":-999,"TRAUMA":"NOT AVAILABLE","HELIPAD":"N"}},{"type":"Feature","id":6170,"geometry":{"type":"Point","coordinates":[-82.42927702,28.0644091]},"properties":{"FID":6170,"OBJECTID":6654,"ID":"0018933612","NAME":"JAMES A. HALEY VETERANS' HOSPITAL","ADDRESS":"13000 BRUCE B DOWNS BOULEVARD","CITY":"TAMPA","STATE":"FL","ZIP":"33612","ZIP4":"4745","TELEPHONE":"(813) 972-2000","TYPE":"MILITARY","STATUS":"OPEN","POPULATION":93,"COUNTY":"HILLSBOROUGH","COUNTYFIPS":"12057","COUNTRY":"USA","LATITUDE":28.0644091,"LONGITUDE":-82.42927702,"NAICS_CODE":"622110","NAICS_DESC":"GENERAL MEDICAL AND SURGICAL HOSPITALS","SOURCE":"https://www.va.gov/find-locations","SOURCEDATE":1610323200000,"VAL_METHOD":"IMAGERY","VAL_DATE":1391990400000,"WEBSITE":"https://www.tampa.va.gov/locations/directions.asp","STATE_ID":"VHA_673","ALT_NAME":"NOT AVAILABLE","ST_FIPS":"12","OWNER":"GOVERNMENT - FEDERAL","TTL_STAFF":-999,"BEDS":93,"TRAUMA":"NOT AVAILABLE","HELIPAD":"N"}},{"type":"Feature","id":6171,"geometry":{"type":"Point","coordinates":[-78.8121503899999,42.9510926300001]},"properties":{"FID":6171,"OBJECTID":6655,"ID":"0010214215","NAME":"BUFFALO VA MEDICAL CENTER","ADDRESS":"3495 BAILEY AVENUE","CITY":"BUFFALO","STATE":"NY","ZIP":"14215","ZIP4":"1129","TELEPHONE":"(716) 834-9200","TYPE":"MILITARY","STATUS":"OPEN","POPULATION":199,"COUNTY":"ERIE","COUNTYFIPS":"36029","COUNTRY":"USA","LATITUDE":42.95109263,"LONGITUDE":-78.81215039,"NAICS_CODE":"622110","NAICS_DESC":"GENERAL MEDICAL AND SURGICAL HOSPITALS","SOURCE":"https://www.va.gov/find-locations","SOURCEDATE":1610323200000,"VAL_METHOD":"IMAGERY/OTHER","VAL_DATE":1432252800000,"WEBSITE":"https://www.va.gov/western-new-york-health-care/locations/buffalo-va-medical-center/","STATE_ID":"VHA_528","ALT_NAME":"NOT AVAILABLE","ST_FIPS":"36","OWNER":"GOVERNMENT - FEDERAL","TTL_STAFF":-999,"BEDS":199,"TRAUMA":"NOT AVAILABLE","HELIPAD":"N"}},{"type":"Feature","id":6172,"geometry":{"type":"Point","coordinates":[-79.95400559,32.7841740100001]},"properties":{"FID":6172,"OBJECTID":6656,"ID":"0010329401","NAME":"RALPH H. JOHNSON DEPARTMENT OF VETERANS AFFAIRS MEDICAL CENTER","ADDRESS":"109 BEE STREET","CITY":"CHARLESTON","STATE":"SC","ZIP":"29401","ZIP4":"5799","TELEPHONE":"(843) 577-5011","TYPE":"MILITARY","STATUS":"OPEN","POPULATION":98,"COUNTY":"CHARLESTON","COUNTYFIPS":"45019","COUNTRY":"USA","LATITUDE":32.78417401,"LONGITUDE":-79.95400559,"NAICS_CODE":"622110","NAICS_DESC":"GENERAL MEDICAL AND SURGICAL HOSPITALS","SOURCE":"https://www.va.gov/find-locations","SOURCEDATE":1610323200000,"VAL_METHOD":"IMAGERY/OTHER","VAL_DATE":1380758400000,"WEBSITE":"https://www.charleston.va.gov/locations/directions.asp","STATE_ID":"VHA_534","ALT_NAME":"NOT AVAILABLE","ST_FIPS":"45","OWNER":"GOVERNMENT - FEDERAL","TTL_STAFF":-999,"BEDS":98,"TRAUMA":"NOT AVAILABLE","HELIPAD":"N"}},{"type":"Feature","id":6173,"geometry":{"type":"Point","coordinates":[-78.93883233,36.00951207]},"properties":{"FID":6173,"OBJECTID":6657,"ID":"0008127705","NAME":"DURHAM VA MEDICAL CENTER","ADDRESS":"508 FULTON STREET","CITY":"DURHAM","STATE":"NC","ZIP":"27705","ZIP4":"3875","TELEPHONE":"(919) 286-0411","TYPE":"MILITARY","STATUS":"OPEN","POPULATION":151,"COUNTY":"DURHAM","COUNTYFIPS":"37063","COUNTRY":"USA","LATITUDE":36.00951207,"LONGITUDE":-78.93883233,"NAICS_CODE":"622110","NAICS_DESC":"GENERAL MEDICAL AND SURGICAL HOSPITALS","SOURCE":"https://www.va.gov/find-locations","SOURCEDATE":1610323200000,"VAL_METHOD":"IMAGERY/OTHER","VAL_DATE":1432252800000,"WEBSITE":"https://www.va.gov/durham-health-care/locations/durham-va-medical-center/","STATE_ID":"VHA_558","ALT_NAME":"NOT AVAILABLE","ST_FIPS":"37","OWNER":"GOVERNMENT - FEDERAL","TTL_STAFF":-999,"BEDS":151,"TRAUMA":"NOT AVAILABLE","HELIPAD":"N"}},{"type":"Feature","id":6174,"geometry":{"type":"Point","coordinates":[-77.91111267,39.4177114500001]},"properties":{"FID":6174,"OBJECTID":6658,"ID":"0017025405","NAME":"MARTINSBURG VA MEDICAL CENTER","ADDRESS":"510 BUTLER AVENUE","CITY":"MARTINSBURG","STATE":"WV","ZIP":"25405","ZIP4":"9990","TELEPHONE":"(800) 817-3807","TYPE":"MILITARY","STATUS":"OPEN","POPULATION":-999,"COUNTY":"BERKELEY","COUNTYFIPS":"54003","COUNTRY":"USA","LATITUDE":39.41771145,"LONGITUDE":-77.91111267,"NAICS_CODE":"622110","NAICS_DESC":"GENERAL MEDICAL AND SURGICAL HOSPITALS","SOURCE":"https://www.va.gov/find-locations","SOURCEDATE":1610323200000,"VAL_METHOD":"IMAGERY/OTHER","VAL_DATE":1432857600000,"WEBSITE":"https://www.martinsburg.va.gov/locations/directions.asp","STATE_ID":"VHA_613","ALT_NAME":"NOT AVAILABLE","ST_FIPS":"54","OWNER":"GOVERNMENT - FEDERAL","TTL_STAFF":-999,"BEDS":-999,"TRAUMA":"NOT AVAILABLE","HELIPAD":"Y"}},{"type":"Feature","id":6175,"geometry":{"type":"Point","coordinates":[-77.46768488,37.49807429]},"properties":{"FID":6175,"OBJECTID":6659,"ID":"0016123225","NAME":"HUNTER HOLMES MCGUIRE HOSPITAL","ADDRESS":"1201 BROAD ROCK BOULEVARD","CITY":"RICHMOND","STATE":"VA","ZIP":"23249","ZIP4":"4915","TELEPHONE":"(804) 675-5000","TYPE":"MILITARY","STATUS":"OPEN","POPULATION":273,"COUNTY":"RICHMOND CITY","COUNTYFIPS":"51760","COUNTRY":"USA","LATITUDE":37.49807429,"LONGITUDE":-77.46768488,"NAICS_CODE":"622110","NAICS_DESC":"GENERAL MEDICAL AND SURGICAL HOSPITALS","SOURCE":"https://www.va.gov/find-locations","SOURCEDATE":1610323200000,"VAL_METHOD":"IMAGERY/OTHER","VAL_DATE":1432857600000,"WEBSITE":"https://www.richmond.va.gov/locations/directions.asp","STATE_ID":"VHA_652","ALT_NAME":"NOT AVAILABLE","ST_FIPS":"51","OWNER":"GOVERNMENT - FEDERAL","TTL_STAFF":-999,"BEDS":273,"TRAUMA":"NOT AVAILABLE","HELIPAD":"Y"}},{"type":"Feature","id":6177,"geometry":{"type":"Point","coordinates":[-77.010732,38.9289230000001]},"properties":{"FID":6177,"OBJECTID":6660,"ID":"0175520422","NAME":"WASHINGTON VA MEDICAL CENTER","ADDRESS":"50 IRVING STREET NORTHWEST","CITY":"WASHINGTON","STATE":"DC","ZIP":"20422","ZIP4":"0001","TELEPHONE":"(202) 745-8000","TYPE":"MILITARY","STATUS":"OPEN","POPULATION":-999,"COUNTY":"DISTRICT OF COLUMBIA","COUNTYFIPS":"11001","COUNTRY":"USA","LATITUDE":38.928923,"LONGITUDE":-77.010732,"NAICS_CODE":"622110","NAICS_DESC":"GENERAL MEDICAL AND SURGICAL HOSPITALS","SOURCE":"https://www.va.gov/find-locations","SOURCEDATE":1610323200000,"VAL_METHOD":"IMAGERY","VAL_DATE":1557360000000,"WEBSITE":"https://www.washingtondc.va.gov/locations/directions.asp","STATE_ID":"VHA_688","ALT_NAME":"NOT AVAILABLE","ST_FIPS":"11","OWNER":"GOVERNMENT - FEDERAL","TTL_STAFF":-999,"BEDS":-999,"TRAUMA":"NOT AVAILABLE","HELIPAD":"N"}},{"type":"Feature","id":6178,"geometry":{"type":"Point","coordinates":[-80.11247524,26.7849280300001]},"properties":{"FID":6178,"OBJECTID":6661,"ID":"0042633410","NAME":"WEST PALM BEACH VA MEDICAL CENTER","ADDRESS":"7305 NORTH MILITARY TRAIL","CITY":"WEST PALM BEACH","STATE":"FL","ZIP":"33410","ZIP4":"6400","TELEPHONE":"(561) 422-8262","TYPE":"MILITARY","STATUS":"OPEN","POPULATION":236,"COUNTY":"PALM BEACH","COUNTYFIPS":"12099","COUNTRY":"USA","LATITUDE":26.78492803,"LONGITUDE":-80.11247524,"NAICS_CODE":"622110","NAICS_DESC":"GENERAL MEDICAL AND SURGICAL HOSPITALS","SOURCE":"https://www.va.gov/find-locations","SOURCEDATE":1610323200000,"VAL_METHOD":"IMAGERY","VAL_DATE":1391990400000,"WEBSITE":"https://www.westpalmbeach.va.gov/locations/directions.asp","STATE_ID":"VHA_548","ALT_NAME":"NOT AVAILABLE","ST_FIPS":"12","OWNER":"GOVERNMENT - FEDERAL","TTL_STAFF":-999,"BEDS":236,"TRAUMA":"NOT AVAILABLE","HELIPAD":"N"}},{"type":"Feature","id":6179,"geometry":{"type":"Point","coordinates":[-76.62455811,39.2896495900001]},"properties":{"FID":6179,"OBJECTID":6662,"ID":"0173421201","NAME":"BALTIMORE VA MEDICAL CENTER","ADDRESS":"10 NORTH GREENE STREET","CITY":"BALTIMORE","STATE":"MD","ZIP":"21201","ZIP4":"1524","TELEPHONE":"(410) 605-7000","TYPE":"MILITARY","STATUS":"OPEN","POPULATION":100,"COUNTY":"BALTIMORE CITY","COUNTYFIPS":"24510","COUNTRY":"USA","LATITUDE":39.28964959,"LONGITUDE":-76.62455811,"NAICS_CODE":"622110","NAICS_DESC":"GENERAL MEDICAL AND SURGICAL HOSPITALS","SOURCE":"https://www.va.gov/find-locations","SOURCEDATE":1610323200000,"VAL_METHOD":"IMAGERY","VAL_DATE":1557360000000,"WEBSITE":"https://www.maryland.va.gov/locations/baltimore_va_medical_center.asp","STATE_ID":"VHA_512","ALT_NAME":"NOT AVAILABLE","ST_FIPS":"24","OWNER":"GOVERNMENT - FEDERAL","TTL_STAFF":-999,"BEDS":100,"TRAUMA":"NOT AVAILABLE","HELIPAD":"N"}},{"type":"Feature","id":6180,"geometry":{"type":"Point","coordinates":[-76.39712392,40.3173118600001]},"properties":{"FID":6180,"OBJECTID":6663,"ID":"0022217042","NAME":"LEBANON VA MEDICAL CENTER","ADDRESS":"1700 SOUTH LINCOLN AVENUE","CITY":"LEBANON","STATE":"PA","ZIP":"17042","ZIP4":"7529","TELEPHONE":"(717) 272-6621","TYPE":"MILITARY","STATUS":"OPEN","POPULATION":213,"COUNTY":"LEBANON","COUNTYFIPS":"42075","COUNTRY":"USA","LATITUDE":40.31731186,"LONGITUDE":-76.39712392,"NAICS_CODE":"622110","NAICS_DESC":"GENERAL MEDICAL AND SURGICAL HOSPITALS","SOURCE":"https://www.va.gov/find-locations","SOURCEDATE":1610323200000,"VAL_METHOD":"IMAGERY","VAL_DATE":1389571200000,"WEBSITE":"https://www.va.gov/lebanon-health-care/locations/lebanon-va-medical-center/","STATE_ID":"VHA_595","ALT_NAME":"NOT AVAILABLE","ST_FIPS":"42","OWNER":"GOVERNMENT - FEDERAL","TTL_STAFF":-999,"BEDS":213,"TRAUMA":"NOT AVAILABLE","HELIPAD":"N"}},{"type":"Feature","id":6181,"geometry":{"type":"Point","coordinates":[-81.3217761399999,28.58035971]},"properties":{"FID":6181,"OBJECTID":6664,"ID":"0029732803","NAME":"BRUCE W. CARTER DEPARTMENT OF VETERANS AFFAIRS MEDICAL CENTER","ADDRESS":"1201 NORTHWEST 16TH STREET","CITY":"MIAMI","STATE":"FL","ZIP":"33125","ZIP4":"1624","TELEPHONE":"(305) 575-7000","TYPE":"MILITARY","STATUS":"OPEN","POPULATION":-999,"COUNTY":"ORANGE","COUNTYFIPS":"12095","COUNTRY":"USA","LATITUDE":28.58035971,"LONGITUDE":-81.32177614,"NAICS_CODE":"622110","NAICS_DESC":"GENERAL MEDICAL AND SURGICAL HOSPITALS","SOURCE":"https://www.va.gov/find-locations","SOURCEDATE":1610323200000,"VAL_METHOD":"IMAGERY","VAL_DATE":1391990400000,"WEBSITE":"https://www.miami.va.gov/locations/directions.asp","STATE_ID":"VHA_546","ALT_NAME":"NOT AVAILABLE","ST_FIPS":"12","OWNER":"GOVERNMENT - FEDERAL","TTL_STAFF":-999,"BEDS":-999,"TRAUMA":"NOT AVAILABLE","HELIPAD":"N"}},{"type":"Feature","id":6182,"geometry":{"type":"Point","coordinates":[-76.13895418,43.0388312000001]},"properties":{"FID":6182,"OBJECTID":6665,"ID":"0010913210","NAME":"SYRACUSE VA MEDICAL CENTER","ADDRESS":"800 IRVING AVENUE","CITY":"SYRACUSE","STATE":"NY","ZIP":"13210","ZIP4":"2716","TELEPHONE":"(315) 425-4400","TYPE":"MILITARY","STATUS":"OPEN","POPULATION":106,"COUNTY":"ONONDAGA","COUNTYFIPS":"36067","COUNTRY":"USA","LATITUDE":43.0388312,"LONGITUDE":-76.13895418,"NAICS_CODE":"622110","NAICS_DESC":"GENERAL MEDICAL AND SURGICAL HOSPITALS","SOURCE":"https://www.va.gov/find-locations","SOURCEDATE":1610323200000,"VAL_METHOD":"IMAGERY/OTHER","VAL_DATE":1432252800000,"WEBSITE":"https://www.va.gov/syracuse-health-care/locations/syracuse-va-medical-center/","STATE_ID":"VHA_528A7","ALT_NAME":"NOT AVAILABLE","ST_FIPS":"36","OWNER":"GOVERNMENT - FEDERAL","TTL_STAFF":-999,"BEDS":106,"TRAUMA":"NOT AVAILABLE","HELIPAD":"N"}},{"type":"Feature","id":6183,"geometry":{"type":"Point","coordinates":[-76.33225686,37.01535819]},"properties":{"FID":6183,"OBJECTID":6666,"ID":"0012523667","NAME":"HAMPTON VA MEDICAL CENTER","ADDRESS":"100 EMANCIPATION DRIVE","CITY":"HAMPTON","STATE":"VA","ZIP":"23667","ZIP4":"0001","TELEPHONE":"(757) 722-9961","TYPE":"MILITARY","STATUS":"OPEN","POPULATION":485,"COUNTY":"HAMPTON CITY","COUNTYFIPS":"51650","COUNTRY":"USA","LATITUDE":37.01535819,"LONGITUDE":-76.33225686,"NAICS_CODE":"622110","NAICS_DESC":"GENERAL MEDICAL AND SURGICAL HOSPITALS","SOURCE":"https://www.va.gov/find-locations","SOURCEDATE":1610323200000,"VAL_METHOD":"IMAGERY","VAL_DATE":1391990400000,"WEBSITE":"https://www.hampton.va.gov/locations/directions.asp","STATE_ID":"VHA_590","ALT_NAME":"NOT AVAILABLE","ST_FIPS":"51","OWNER":"GOVERNMENT - FEDERAL","TTL_STAFF":-999,"BEDS":485,"TRAUMA":"NOT AVAILABLE","HELIPAD":"N"}},{"type":"Feature","id":6184,"geometry":{"type":"Point","coordinates":[-75.8359693099999,41.2481042800001]},"properties":{"FID":6184,"OBJECTID":6667,"ID":"0025118711","NAME":"WILKES - BARRE VA MEDICAL CENTER","ADDRESS":"1111 EAST END BOULEVARD","CITY":"WILKES-BARRE","STATE":"PA","ZIP":"18711","ZIP4":"0030","TELEPHONE":"(570) 824-3521","TYPE":"MILITARY","STATUS":"OPEN","POPULATION":161,"COUNTY":"LUZERNE","COUNTYFIPS":"42079","COUNTRY":"USA","LATITUDE":41.24810428,"LONGITUDE":-75.83596931,"NAICS_CODE":"622110","NAICS_DESC":"GENERAL MEDICAL AND SURGICAL HOSPITALS","SOURCE":"https://www.va.gov/find-locations","SOURCEDATE":1610323200000,"VAL_METHOD":"IMAGERY","VAL_DATE":1391990400000,"WEBSITE":"https://www.va.gov/wilkes-barre-health-care/locations/wilkes-barre-va-medical-center/","STATE_ID":"VHA_693","ALT_NAME":"NOT AVAILABLE","ST_FIPS":"42","OWNER":"GOVERNMENT - FEDERAL","TTL_STAFF":-999,"BEDS":161,"TRAUMA":"NOT AVAILABLE","HELIPAD":"N"}},{"type":"Feature","id":6185,"geometry":{"type":"Point","coordinates":[-75.606352,39.740166]},"properties":{"FID":6185,"OBJECTID":6668,"ID":"0173319805","NAME":"WILMINGTON VA MEDICAL CENTER","ADDRESS":"1601 KIRKWOOD HIGHWAY","CITY":"WILMINGTON","STATE":"DE","ZIP":"19805","ZIP4":"4917","TELEPHONE":"(302) 994-2511","TYPE":"MILITARY","STATUS":"OPEN","POPULATION":62,"COUNTY":"NEW CASTLE","COUNTYFIPS":"10003","COUNTRY":"USA","LATITUDE":39.740166,"LONGITUDE":-75.606352,"NAICS_CODE":"622110","NAICS_DESC":"GENERAL MEDICAL AND SURGICAL HOSPITALS","SOURCE":"https://www.va.gov/find-locations","SOURCEDATE":1610323200000,"VAL_METHOD":"IMAGERY","VAL_DATE":1557360000000,"WEBSITE":"https://www.va.gov/wilmington-health-care/locations/wilmington-va-medical-center/","STATE_ID":"VHA_460","ALT_NAME":"NOT AVAILABLE","ST_FIPS":"10","OWNER":"GOVERNMENT - FEDERAL","TTL_STAFF":-999,"BEDS":62,"TRAUMA":"NOT AVAILABLE","HELIPAD":"N"}},{"type":"Feature","id":6186,"geometry":{"type":"Point","coordinates":[-75.19986732,39.9483470000001]},"properties":{"FID":6186,"OBJECTID":6669,"ID":"0025019104","NAME":"CORPORAL MICHAEL J. CRESCENZ DEPARTMENT OF VETERANS AFFAIRS MEDICAL CENTER","ADDRESS":"3900 WOODLAND AVENUE","CITY":"PHILADELPHIA","STATE":"PA","ZIP":"19104","ZIP4":"4551","TELEPHONE":"(215) 823-5800","TYPE":"MILITARY","STATUS":"OPEN","POPULATION":-999,"COUNTY":"PHILADELPHIA","COUNTYFIPS":"42101","COUNTRY":"USA","LATITUDE":39.948347,"LONGITUDE":-75.19986732,"NAICS_CODE":"622110","NAICS_DESC":"GENERAL MEDICAL AND SURGICAL HOSPITALS","SOURCE":"https://www.va.gov/find-locations","SOURCEDATE":1610323200000,"VAL_METHOD":"IMAGERY/OTHER","VAL_DATE":1648771200000,"WEBSITE":"https://www.philadelphia.va.gov/locations/directions.asp","STATE_ID":"VHA_642","ALT_NAME":"NOT AVAILABLE","ST_FIPS":"42","OWNER":"GOVERNMENT - FEDERAL","TTL_STAFF":-999,"BEDS":-999,"TRAUMA":"NOT AVAILABLE","HELIPAD":"N"}},{"type":"Feature","id":6187,"geometry":{"type":"Point","coordinates":[-74.2361401799999,40.7525336900001]},"properties":{"FID":6187,"OBJECTID":6670,"ID":"0001107018","NAME":"EAST ORANGE VA MEDICAL CENTER","ADDRESS":"385 TREMONT AVENUE","CITY":"EAST ORANGE","STATE":"NJ","ZIP":"07018","ZIP4":"1023","TELEPHONE":"(973) 676-1000","TYPE":"MILITARY","STATUS":"OPEN","POPULATION":439,"COUNTY":"ESSEX","COUNTYFIPS":"34013","COUNTRY":"USA","LATITUDE":40.75253369,"LONGITUDE":-74.23614018,"NAICS_CODE":"622110","NAICS_DESC":"GENERAL MEDICAL AND SURGICAL HOSPITALS","SOURCE":"https://www.va.gov/find-locations","SOURCEDATE":1610323200000,"VAL_METHOD":"IMAGERY","VAL_DATE":1386633600000,"WEBSITE":"https://www.va.gov/new-jersey-health-care/locations/east-orange-va-medical-center/","STATE_ID":"VHA_561","ALT_NAME":"NOT AVAILABLE","ST_FIPS":"34","OWNER":"GOVERNMENT - FEDERAL","TTL_STAFF":-999,"BEDS":439,"TRAUMA":"NOT AVAILABLE","HELIPAD":"N"}},{"type":"Feature","id":6188,"geometry":{"type":"Point","coordinates":[-74.02418643,40.6079228500001]},"properties":{"FID":6188,"OBJECTID":6671,"ID":"0011011209","NAME":"BROOKLYN VA MEDICAL CENTER","ADDRESS":"800 POLY PLACE","CITY":"BROOKLYN","STATE":"NY","ZIP":"11209","ZIP4":"7104","TELEPHONE":"(718) 836-6600","TYPE":"MILITARY","STATUS":"OPEN","POPULATION":171,"COUNTY":"KINGS","COUNTYFIPS":"36047","COUNTRY":"USA","LATITUDE":40.60792285,"LONGITUDE":-74.02418643,"NAICS_CODE":"622110","NAICS_DESC":"GENERAL MEDICAL AND SURGICAL HOSPITALS","SOURCE":"https://www.va.gov/find-locations","SOURCEDATE":1610323200000,"VAL_METHOD":"IMAGERY/OTHER","VAL_DATE":1432252800000,"WEBSITE":"https://www.nyharbor.va.gov/locations/brooklyn_campus.asp","STATE_ID":"VHA_630A4","ALT_NAME":"NOT AVAILABLE","ST_FIPS":"36","OWNER":"GOVERNMENT - FEDERAL","TTL_STAFF":-999,"BEDS":171,"TRAUMA":"NOT AVAILABLE","HELIPAD":"N"}},{"type":"Feature","id":6189,"geometry":{"type":"Point","coordinates":[-73.9770792699999,40.7368814700001]},"properties":{"FID":6189,"OBJECTID":6672,"ID":"0010710010","NAME":"MARGARET COCHRAN CORBIN VA CAMPUS","ADDRESS":"423 EAST 23RD STREET","CITY":"NEW YORK","STATE":"NY","ZIP":"10010","ZIP4":"5011","TELEPHONE":"(212) 686-7500","TYPE":"MILITARY","STATUS":"OPEN","POPULATION":-999,"COUNTY":"NEW YORK","COUNTYFIPS":"36061","COUNTRY":"USA","LATITUDE":40.73688147,"LONGITUDE":-73.97707927,"NAICS_CODE":"622110","NAICS_DESC":"GENERAL MEDICAL AND SURGICAL HOSPITALS","SOURCE":"https://www.va.gov/find-locations","SOURCEDATE":1610323200000,"VAL_METHOD":"IMAGERY/OTHER","VAL_DATE":1432252800000,"WEBSITE":"https://www.nyharbor.va.gov/locations/directions.asp","STATE_ID":"VHA_630","ALT_NAME":"NOT AVAILABLE","ST_FIPS":"36","OWNER":"GOVERNMENT - FEDERAL","TTL_STAFF":-999,"BEDS":-999,"TRAUMA":"NOT AVAILABLE","HELIPAD":"N"}},{"type":"Feature","id":6190,"geometry":{"type":"Point","coordinates":[-73.90638209,40.8673486600001]},"properties":{"FID":6190,"OBJECTID":6673,"ID":"0010610468","NAME":"JAMES J. PETERS DEPARTMENT OF VETERANS AFFAIRS MEDICAL CENTER","ADDRESS":"130 WEST KINGSBRIDGE ROAD","CITY":"BRONX","STATE":"NY","ZIP":"10468","ZIP4":"3904","TELEPHONE":"(718) 584-9000","TYPE":"MILITARY","STATUS":"OPEN","POPULATION":311,"COUNTY":"BRONX","COUNTYFIPS":"36005","COUNTRY":"USA","LATITUDE":40.86734866,"LONGITUDE":-73.90638209,"NAICS_CODE":"622110","NAICS_DESC":"GENERAL MEDICAL AND SURGICAL HOSPITALS","SOURCE":"https://www.va.gov/find-locations","SOURCEDATE":1610323200000,"VAL_METHOD":"IMAGERY/OTHER","VAL_DATE":1432252800000,"WEBSITE":"https://www.bronx.va.gov/locations/directions.asp","STATE_ID":"VHA_526","ALT_NAME":"NOT AVAILABLE","ST_FIPS":"36","OWNER":"GOVERNMENT - FEDERAL","TTL_STAFF":-999,"BEDS":311,"TRAUMA":"NOT AVAILABLE","HELIPAD":"N"}},{"type":"Feature","id":6191,"geometry":{"type":"Point","coordinates":[-73.7719446,42.6508081800001]},"properties":{"FID":6191,"OBJECTID":6674,"ID":"0009912208","NAME":"SAMUEL S. STRATTON DEPARTMENT OF VETERANS AFFAIRS MEDICAL CENTER","ADDRESS":"113 HOLLAND AVENUE","CITY":"ALBANY","STATE":"NY","ZIP":"12208","ZIP4":"3410","TELEPHONE":"(518) 626-5000","TYPE":"MILITARY","STATUS":"OPEN","POPULATION":67,"COUNTY":"ALBANY","COUNTYFIPS":"36001","COUNTRY":"USA","LATITUDE":42.65080818,"LONGITUDE":-73.7719446,"NAICS_CODE":"622110","NAICS_DESC":"GENERAL MEDICAL AND SURGICAL HOSPITALS","SOURCE":"https://www.va.gov/find-locations","SOURCEDATE":1610323200000,"VAL_METHOD":"IMAGERY/OTHER","VAL_DATE":1432252800000,"WEBSITE":"https://www.va.gov/albany-health-care/locations/samuel-s-stratton-department-of-veterans-affairs-medical-center/","STATE_ID":"VHA_528A8","ALT_NAME":"NOT AVAILABLE","ST_FIPS":"36","OWNER":"GOVERNMENT - FEDERAL","TTL_STAFF":-999,"BEDS":67,"TRAUMA":"NOT AVAILABLE","HELIPAD":"N"}},{"type":"Feature","id":6192,"geometry":{"type":"Point","coordinates":[-73.30869305,40.89367574]},"properties":{"FID":6192,"OBJECTID":6675,"ID":"0010811768","NAME":"NORTHPORT VA MEDICAL CENTER","ADDRESS":"79 MIDDLEVILLE ROAD, BUILDING 200","CITY":"NORTHPORT","STATE":"NY","ZIP":"11768","ZIP4":"2200","TELEPHONE":"(631) 261-4400","TYPE":"MILITARY","STATUS":"OPEN","POPULATION":63,"COUNTY":"SUFFOLK","COUNTYFIPS":"36103","COUNTRY":"USA","LATITUDE":40.89367574,"LONGITUDE":-73.30869305,"NAICS_CODE":"622110","NAICS_DESC":"GENERAL MEDICAL AND SURGICAL HOSPITALS","SOURCE":"https://www.va.gov/find-locations","SOURCEDATE":1610323200000,"VAL_METHOD":"IMAGERY/OTHER","VAL_DATE":1432252800000,"WEBSITE":"https://www.va.gov/northport-health-care/locations/northport-va-medical-center/","STATE_ID":"VHA_632","ALT_NAME":"NOT AVAILABLE","ST_FIPS":"36","OWNER":"GOVERNMENT - FEDERAL","TTL_STAFF":-999,"BEDS":63,"TRAUMA":"NOT AVAILABLE","HELIPAD":"Y"}},{"type":"Feature","id":6193,"geometry":{"type":"Point","coordinates":[-72.96120653,41.28184028]},"properties":{"FID":6193,"OBJECTID":6676,"ID":"0003106516","NAME":"WEST HAVEN VA MEDICAL CENTER","ADDRESS":"950 CAMPBELL AVENUE","CITY":"WEST HAVEN","STATE":"CT","ZIP":"06516","ZIP4":"2770","TELEPHONE":"(203) 932-5711","TYPE":"MILITARY","STATUS":"OPEN","POPULATION":216,"COUNTY":"NEW HAVEN","COUNTYFIPS":"09009","COUNTRY":"USA","LATITUDE":41.28184028,"LONGITUDE":-72.96120653,"NAICS_CODE":"622110","NAICS_DESC":"GENERAL MEDICAL AND SURGICAL HOSPITALS","SOURCE":"https://www.va.gov/find-locations","SOURCEDATE":1610323200000,"VAL_METHOD":"IMAGERY","VAL_DATE":1391990400000,"WEBSITE":"https://www.connecticut.va.gov/locations/directions.asp","STATE_ID":"VHA_689","ALT_NAME":"NOT AVAILABLE","ST_FIPS":"09","OWNER":"GOVERNMENT - FEDERAL","TTL_STAFF":-999,"BEDS":216,"TRAUMA":"NOT AVAILABLE","HELIPAD":"N"}},{"type":"Feature","id":6194,"geometry":{"type":"Point","coordinates":[-72.3425365699999,43.64849322]},"properties":{"FID":6194,"OBJECTID":6677,"ID":"0015105009","NAME":"WHITE RIVER JUNCTION VA MEDICAL CENTER","ADDRESS":"163 VETERANS DRIVE","CITY":"WHITE RIVER JUNCTION","STATE":"VT","ZIP":"05001","ZIP4":"NOT AVAILABLE","TELEPHONE":"(802) 295-9363","TYPE":"MILITARY","STATUS":"OPEN","POPULATION":-999,"COUNTY":"WINDSOR","COUNTYFIPS":"50027","COUNTRY":"USA","LATITUDE":43.64849322,"LONGITUDE":-72.34253657,"NAICS_CODE":"622110","NAICS_DESC":"GENERAL MEDICAL AND SURGICAL HOSPITALS","SOURCE":"https://www.va.gov/find-locations","SOURCEDATE":1610323200000,"VAL_METHOD":"IMAGERY/OTHER","VAL_DATE":1432857600000,"WEBSITE":"https://www.whiteriver.va.gov/locations/directions.asp","STATE_ID":"VHA_405","ALT_NAME":"NOT AVAILABLE","ST_FIPS":"50","OWNER":"GOVERNMENT - FEDERAL","TTL_STAFF":-999,"BEDS":-999,"TRAUMA":"NOT AVAILABLE","HELIPAD":"N"}},{"type":"Feature","id":6195,"geometry":{"type":"Point","coordinates":[-71.43314954,41.83213908]},"properties":{"FID":6195,"OBJECTID":6678,"ID":"0013402908","NAME":"PROVIDENCE VA MEDICAL CENTER","ADDRESS":"830 CHALKSTONE AVENUE","CITY":"PROVIDENCE","STATE":"RI","ZIP":"02908","ZIP4":"4738","TELEPHONE":"(401) 273-7100","TYPE":"MILITARY","STATUS":"OPEN","POPULATION":-999,"COUNTY":"PROVIDENCE","COUNTYFIPS":"44007","COUNTRY":"USA","LATITUDE":41.83213908,"LONGITUDE":-71.43314954,"NAICS_CODE":"622110","NAICS_DESC":"GENERAL MEDICAL AND SURGICAL HOSPITALS","SOURCE":"https://www.va.gov/find-locations","SOURCEDATE":1610323200000,"VAL_METHOD":"IMAGERY/OTHER","VAL_DATE":1432598400000,"WEBSITE":"https://www.providence.va.gov/locations/directions.asp","STATE_ID":"VHA_650","ALT_NAME":"NOT AVAILABLE","ST_FIPS":"44","OWNER":"GOVERNMENT - FEDERAL","TTL_STAFF":-999,"BEDS":-999,"TRAUMA":"NOT AVAILABLE","HELIPAD":"N"}},{"type":"Feature","id":6196,"geometry":{"type":"Point","coordinates":[-71.17169802,42.2746273000001]},"properties":{"FID":6196,"OBJECTID":6679,"ID":"0006802132","NAME":"WEST ROXBURY VA MEDICAL CENTER","ADDRESS":"1400 VFW PARKWAY","CITY":"WEST ROXBURY","STATE":"MA","ZIP":"02132","ZIP4":"4927","TELEPHONE":"(617) 323-7700","TYPE":"MILITARY","STATUS":"OPEN","POPULATION":448,"COUNTY":"SUFFOLK","COUNTYFIPS":"25025","COUNTRY":"USA","LATITUDE":42.2746273,"LONGITUDE":-71.17169802,"NAICS_CODE":"622110","NAICS_DESC":"GENERAL MEDICAL AND SURGICAL HOSPITALS","SOURCE":"https://www.va.gov/find-locations","SOURCEDATE":1610323200000,"VAL_METHOD":"IMAGERY/OTHER","VAL_DATE":1432080000000,"WEBSITE":"https://www.boston.va.gov/locations/directions.asp","STATE_ID":"VHA_523A4","ALT_NAME":"NOT AVAILABLE","ST_FIPS":"25","OWNER":"GOVERNMENT - FEDERAL","TTL_STAFF":-999,"BEDS":448,"TRAUMA":"NOT AVAILABLE","HELIPAD":"N"}},{"type":"Feature","id":6197,"geometry":{"type":"Point","coordinates":[-69.70435212,44.2804620800001]},"properties":{"FID":6197,"OBJECTID":6680,"ID":"0173204330","NAME":"TOGUS VA MEDICAL CENTER","ADDRESS":"1 VA CENTER","CITY":"AUGUSTA","STATE":"ME","ZIP":"04330","ZIP4":"6796","TELEPHONE":"(207) 623-8411","TYPE":"MILITARY","STATUS":"OPEN","POPULATION":-999,"COUNTY":"KENNEBEC","COUNTYFIPS":"23011","COUNTRY":"USA","LATITUDE":44.28046208,"LONGITUDE":-69.70435212,"NAICS_CODE":"622110","NAICS_DESC":"GENERAL MEDICAL AND SURGICAL HOSPITALS","SOURCE":"https://www.va.gov/find-locations","SOURCEDATE":1610323200000,"VAL_METHOD":"IMAGERY","VAL_DATE":1557360000000,"WEBSITE":"https://www.maine.va.gov/locations/directions.asp","STATE_ID":"VHA_402","ALT_NAME":"NOT AVAILABLE","ST_FIPS":"23","OWNER":"GOVERNMENT - FEDERAL","TTL_STAFF":-999,"BEDS":-999,"TRAUMA":"NOT AVAILABLE","HELIPAD":"Y"}},{"type":"Feature","id":6198,"geometry":{"type":"Point","coordinates":[-66.0793354799999,18.3903941400001]},"properties":{"FID":6198,"OBJECTID":6681,"ID":"0013700921","NAME":"SAN JUAN VA MEDICAL CENTER","ADDRESS":"10 CALLE CASIA","CITY":"SAN JUAN","STATE":"PR","ZIP":"00921","ZIP4":"3201","TELEPHONE":"(787) 641-7582","TYPE":"MILITARY","STATUS":"OPEN","POPULATION":209,"COUNTY":"SAN JUAN","COUNTYFIPS":"72127","COUNTRY":"PRI","LATITUDE":18.39039414,"LONGITUDE":-66.07933548,"NAICS_CODE":"622110","NAICS_DESC":"GENERAL MEDICAL AND SURGICAL HOSPITALS","SOURCE":"https://www.va.gov/find-locations","SOURCEDATE":1610323200000,"VAL_METHOD":"IMAGERY/OTHER","VAL_DATE":1432598400000,"WEBSITE":"https://www.caribbean.va.gov/locations/directions.asp","STATE_ID":"VHA_672","ALT_NAME":"NOT AVAILABLE","ST_FIPS":"72","OWNER":"GOVERNMENT - FEDERAL","TTL_STAFF":-999,"BEDS":209,"TRAUMA":"NOT AVAILABLE","HELIPAD":"N"}},{"type":"Feature","id":6322,"geometry":{"type":"Point","coordinates":[-118.35850332,46.0535534100001]},"properties":{"FID":6322,"OBJECTID":6804,"ID":"0001199362","NAME":"VETERANS AFFAIRS MEDICAL CENTER","ADDRESS":"77 WAINWRIGHT DRIVE","CITY":"WALLA WALLA","STATE":"WA","ZIP":"99362","ZIP4":"3975","TELEPHONE":"(509) 525-5200","TYPE":"MILITARY","STATUS":"OPEN","POPULATION":102,"COUNTY":"WALLA WALLA","COUNTYFIPS":"53071","COUNTRY":"USA","LATITUDE":46.05355341,"LONGITUDE":-118.35850332,"NAICS_CODE":"622110","NAICS_DESC":"GENERAL MEDICAL AND SURGICAL HOSPITALS","SOURCE":"https://fortress.wa.gov/doh/base/gis/hospitals.zip","SOURCEDATE":1620691200000,"VAL_METHOD":"IMAGERY","VAL_DATE":1586131200000,"WEBSITE":"http://www.wallawalla.va.gov/","STATE_ID":"NOT AVAILABLE","ALT_NAME":"NOT AVAILABLE","ST_FIPS":"53","OWNER":"GOVERNMENT - FEDERAL","TTL_STAFF":-999,"BEDS":102,"TRAUMA":"NOT AVAILABLE","HELIPAD":"N"}},{"type":"Feature","id":6329,"geometry":{"type":"Point","coordinates":[-122.57849604,47.1333005600001]},"properties":{"FID":6329,"OBJECTID":6811,"ID":"0001898433","NAME":"VA PUGET SOUND HEALTH CARE SYSTEM - TACOMA","ADDRESS":"9900 VETERENS DRIVE SW","CITY":"TACOMA","STATE":"WA","ZIP":"98433","ZIP4":"NOT AVAILABLE","TELEPHONE":"(253) 582-8440","TYPE":"MILITARY","STATUS":"OPEN","POPULATION":203,"COUNTY":"PIERCE","COUNTYFIPS":"53053","COUNTRY":"USA","LATITUDE":47.13330056,"LONGITUDE":-122.57849604,"NAICS_CODE":"622110","NAICS_DESC":"GENERAL MEDICAL AND SURGICAL HOSPITALS","SOURCE":"https://fortress.wa.gov/doh/base/gis/hospitals.zip","SOURCEDATE":1620691200000,"VAL_METHOD":"IMAGERY","VAL_DATE":1586131200000,"WEBSITE":"http://www.wsha.org/hospitaldetail.cfm?hid=192","STATE_ID":"NOT AVAILABLE","ALT_NAME":"NOT AVAILABLE","ST_FIPS":"53","OWNER":"GOVERNMENT - FEDERAL","TTL_STAFF":-999,"BEDS":203,"TRAUMA":"NOT AVAILABLE","HELIPAD":"N"}},{"type":"Feature","id":6350,"geometry":{"type":"Point","coordinates":[-117.47769596,47.70247292]},"properties":{"FID":6350,"OBJECTID":6832,"ID":"0004299205","NAME":"VETERANS AFFAIRS MEDICAL CENTER","ADDRESS":"N 4815 ASSEMBLY ST","CITY":"SPOKANE","STATE":"WA","ZIP":"99205","ZIP4":"6197","TELEPHONE":"(509) 328-4521","TYPE":"MILITARY","STATUS":"OPEN","POPULATION":132,"COUNTY":"SPOKANE","COUNTYFIPS":"53063","COUNTRY":"USA","LATITUDE":47.70247292,"LONGITUDE":-117.47769596,"NAICS_CODE":"622110","NAICS_DESC":"GENERAL MEDICAL AND SURGICAL HOSPITALS","SOURCE":"https://fortress.wa.gov/doh/base/gis/hospitals.zip","SOURCEDATE":1620691200000,"VAL_METHOD":"IMAGERY","VAL_DATE":1586131200000,"WEBSITE":"http://www.spokane.va.gov/","STATE_ID":"NOT AVAILABLE","ALT_NAME":"NOT AVAILABLE","ST_FIPS":"53","OWNER":"GOVERNMENT - FEDERAL","TTL_STAFF":-999,"BEDS":132,"TRAUMA":"NOT AVAILABLE","HELIPAD":"N"}},{"type":"Feature","id":6412,"geometry":{"type":"Point","coordinates":[-88.06154549,45.8102967900001]},"properties":{"FID":6412,"OBJECTID":7707,"ID":"0007349801","NAME":"OSCAR G. JOHNSON VA MEDICAL CENTER","ADDRESS":"325 E H ST","CITY":"IRON MOUNTAIN","STATE":"MI","ZIP":"49801","ZIP4":"NOT AVAILABLE","TELEPHONE":"(906) 774-3300","TYPE":"MILITARY","STATUS":"OPEN","POPULATION":17,"COUNTY":"DICKINSON","COUNTYFIPS":"26043","COUNTRY":"USA","LATITUDE":45.81029679,"LONGITUDE":-88.06154549,"NAICS_CODE":"622110","NAICS_DESC":"GENERAL MEDICAL AND SURGICAL HOSPITALS","SOURCE":"https://www.va.gov/directory/guide/allstate.asp","SOURCEDATE":1600992000000,"VAL_METHOD":"IMAGERY/OTHER","VAL_DATE":1649289600000,"WEBSITE":"http://www.ironmountain.va.gov/","STATE_ID":"NOT AVAILABLE","ALT_NAME":"NOT AVAILABLE","ST_FIPS":"26","OWNER":"GOVERNMENT - FEDERAL","TTL_STAFF":-999,"BEDS":17,"TRAUMA":"NOT AVAILABLE","HELIPAD":"N"}},{"type":"Feature","id":6470,"geometry":{"type":"Point","coordinates":[-157.889402,21.361343]},"properties":{"FID":6470,"OBJECTID":7331,"ID":"0174496819","NAME":"SPARK M. MATSUNAGA VA MEDICAL CENTER","ADDRESS":"459 PATTERSON ROAD","CITY":"HONOLULU","STATE":"HI","ZIP":"96819","ZIP4":"NOT AVAILABLE","TELEPHONE":"(808) 433-0600","TYPE":"MILITARY","STATUS":"OPEN","POPULATION":92,"COUNTY":"HONOLULU","COUNTYFIPS":"15003","COUNTRY":"USA","LATITUDE":21.361343,"LONGITUDE":-157.889402,"NAICS_CODE":"622110","NAICS_DESC":"GENERAL MEDICAL AND SURGICAL HOSPITALS","SOURCE":"https://www.va.gov/directory/guide/allstate.asp","SOURCEDATE":1600992000000,"VAL_METHOD":"IMAGERY","VAL_DATE":1649289600000,"WEBSITE":"https://www.hawaii.va.gov/","STATE_ID":"NOT AVAILABLE","ALT_NAME":"NOT AVAILABLE","ST_FIPS":"15","OWNER":"GOVERNMENT - FEDERAL","TTL_STAFF":-999,"BEDS":92,"TRAUMA":"NOT AVAILABLE","HELIPAD":"Y"}},{"type":"Feature","id":6488,"geometry":{"type":"Point","coordinates":[-71.4408670399999,43.01235803]},"properties":{"FID":6488,"OBJECTID":7351,"ID":"0009103104","NAME":"VA MEDICAL CENTER - MANCHESTER","ADDRESS":"718 SMYTH RD","CITY":"MANCHESTER","STATE":"NH","ZIP":"03104","ZIP4":"NOT AVAILABLE","TELEPHONE":"NOT AVAILABLE","TYPE":"MILITARY","STATUS":"OPEN","POPULATION":-999,"COUNTY":"HILLSBOROUGH","COUNTYFIPS":"33011","COUNTRY":"USA","LATITUDE":43.01235803,"LONGITUDE":-71.44086704,"NAICS_CODE":"622110","NAICS_DESC":"GENERAL MEDICAL AND SURGICAL HOSPITALS","SOURCE":"https://www.va.gov/directory/guide/allstate.asp","SOURCEDATE":1600992000000,"VAL_METHOD":"IMAGERY/OTHER","VAL_DATE":1649289600000,"WEBSITE":"http://www.manchester.va.gov/","STATE_ID":"NOT AVAILABLE","ALT_NAME":"NOT AVAILABLE","ST_FIPS":"33","OWNER":"GOVERNMENT - FEDERAL","TTL_STAFF":-999,"BEDS":-999,"TRAUMA":"NOT AVAILABLE","HELIPAD":"N"}},{"type":"Feature","id":6489,"geometry":{"type":"Point","coordinates":[-79.88734956,40.4951715300001]},"properties":{"FID":6489,"OBJECTID":7352,"ID":"0012815215","NAME":"VA MEDICAL CENTER - H.J. HEINZ CAMPUS","ADDRESS":"1010 DELAFIELD RD","CITY":"PITTSBURGH","STATE":"PA","ZIP":"15215","ZIP4":"NOT AVAILABLE","TELEPHONE":"(866) 482-7488","TYPE":"MILITARY","STATUS":"OPEN","POPULATION":358,"COUNTY":"ALLEGHENY","COUNTYFIPS":"42003","COUNTRY":"USA","LATITUDE":40.49517153,"LONGITUDE":-79.88734956,"NAICS_CODE":"622110","NAICS_DESC":"GENERAL MEDICAL AND SURGICAL HOSPITALS","SOURCE":"https://www.va.gov/directory/guide/allstate.asp","SOURCEDATE":1600992000000,"VAL_METHOD":"IMAGERY/OTHER","VAL_DATE":1649289600000,"WEBSITE":"http://www.pittsburgh.va.gov/","STATE_ID":"NOT AVAILABLE","ALT_NAME":"NOT AVAILABLE","ST_FIPS":"42","OWNER":"GOVERNMENT - FEDERAL","TTL_STAFF":-999,"BEDS":358,"TRAUMA":"NOT AVAILABLE","HELIPAD":"N"}},{"type":"Feature","id":6490,"geometry":{"type":"Point","coordinates":[-72.68244039,42.34953083]},"properties":{"FID":6490,"OBJECTID":7353,"ID":"0006901062","NAME":"VA CENTRAL WESTERN MASSACHUSETTS HEALTHCARE SYSTEM","ADDRESS":"421 N MAIN ST","CITY":"NORTHAMPTON","STATE":"MA","ZIP":"01062","ZIP4":"NOT AVAILABLE","TELEPHONE":"NOT AVAILABLE","TYPE":"MILITARY","STATUS":"OPEN","POPULATION":145,"COUNTY":"HAMPSHIRE","COUNTYFIPS":"25015","COUNTRY":"USA","LATITUDE":42.34953083,"LONGITUDE":-72.68244039,"NAICS_CODE":"622110","NAICS_DESC":"GENERAL MEDICAL AND SURGICAL HOSPITALS","SOURCE":"https://www.va.gov/directory/guide/allstate.asp","SOURCEDATE":1600992000000,"VAL_METHOD":"IMAGERY/OTHER","VAL_DATE":1649289600000,"WEBSITE":"http://www.centralwesternmass.va.gov/","STATE_ID":"NOT AVAILABLE","ALT_NAME":"NOT AVAILABLE","ST_FIPS":"25","OWNER":"GOVERNMENT - FEDERAL","TTL_STAFF":-999,"BEDS":145,"TRAUMA":"NOT AVAILABLE","HELIPAD":"N"}},{"type":"Feature","id":6491,"geometry":{"type":"Point","coordinates":[-106.98573644,44.8273777300001]},"properties":{"FID":6491,"OBJECTID":7354,"ID":"0017182801","NAME":"VA MEDICAL CENTER - SHERIDAN","ADDRESS":"1898 FORT RD","CITY":"SHERIDAN","STATE":"WY","ZIP":"82801","ZIP4":"NOT AVAILABLE","TELEPHONE":"(307) 672-3473","TYPE":"MILITARY","STATUS":"OPEN","POPULATION":-999,"COUNTY":"SHERIDAN","COUNTYFIPS":"56033","COUNTRY":"USA","LATITUDE":44.82737773,"LONGITUDE":-106.98573644,"NAICS_CODE":"622110","NAICS_DESC":"GENERAL MEDICAL AND SURGICAL HOSPITALS","SOURCE":"https://www.va.gov/directory/guide/allstate.asp","SOURCEDATE":1600992000000,"VAL_METHOD":"IMAGERY/OTHER","VAL_DATE":1649289600000,"WEBSITE":"http://www.sheridan.va.gov/","STATE_ID":"NOT AVAILABLE","ALT_NAME":"NOT AVAILABLE","ST_FIPS":"56","OWNER":"GOVERNMENT - FEDERAL","TTL_STAFF":-999,"BEDS":-999,"TRAUMA":"NOT AVAILABLE","HELIPAD":"N"}},{"type":"Feature","id":6492,"geometry":{"type":"Point","coordinates":[-122.65724932,45.63663819]},"properties":{"FID":6492,"OBJECTID":7355,"ID":"0016098661","NAME":"VA MEDICAL CENTER - VANCOUVER CAMPUS","ADDRESS":"1601 E 4TH PLAIN BLVD","CITY":"VANCOUVER","STATE":"WA","ZIP":"98661","ZIP4":"NOT AVAILABLE","TELEPHONE":"(360) 696-4061","TYPE":"MILITARY","STATUS":"OPEN","POPULATION":72,"COUNTY":"CLARK","COUNTYFIPS":"53011","COUNTRY":"USA","LATITUDE":45.63663819,"LONGITUDE":-122.65724932,"NAICS_CODE":"622110","NAICS_DESC":"GENERAL MEDICAL AND SURGICAL HOSPITALS","SOURCE":"https://www.va.gov/directory/guide/allstate.asp","SOURCEDATE":1600992000000,"VAL_METHOD":"IMAGERY/OTHER","VAL_DATE":1649289600000,"WEBSITE":"http://www.portland.va.gov/","STATE_ID":"NOT AVAILABLE","ALT_NAME":"NOT AVAILABLE","ST_FIPS":"53","OWNER":"GOVERNMENT - FEDERAL","TTL_STAFF":-999,"BEDS":72,"TRAUMA":"NOT AVAILABLE","HELIPAD":"N"}},{"type":"Feature","id":6493,"geometry":{"type":"Point","coordinates":[-71.05393559,42.06302243]},"properties":{"FID":6493,"OBJECTID":7356,"ID":"0006002401","NAME":"VA MEDICAL CENTER - BROCKTON DIVISION","ADDRESS":"940 BELMONT ST","CITY":"BROCKTON","STATE":"MA","ZIP":"02401","ZIP4":"NOT AVAILABLE","TELEPHONE":"NOT AVAILABLE","TYPE":"MILITARY","STATUS":"OPEN","POPULATION":448,"COUNTY":"PLYMOUTH","COUNTYFIPS":"25023","COUNTRY":"USA","LATITUDE":42.06302243,"LONGITUDE":-71.05393559,"NAICS_CODE":"622110","NAICS_DESC":"GENERAL MEDICAL AND SURGICAL HOSPITALS","SOURCE":"https://www.va.gov/directory/guide/allstate.asp","SOURCEDATE":1600992000000,"VAL_METHOD":"IMAGERY/OTHER","VAL_DATE":1649289600000,"WEBSITE":"http://www.boston.va.gov/","STATE_ID":"NOT AVAILABLE","ALT_NAME":"NOT AVAILABLE","ST_FIPS":"25","OWNER":"GOVERNMENT - FEDERAL","TTL_STAFF":-999,"BEDS":448,"TRAUMA":"NOT AVAILABLE","HELIPAD":"N"}},{"type":"Feature","id":6510,"geometry":{"type":"Point","coordinates":[-118.23842047,34.0520150400001]},"properties":{"FID":6510,"OBJECTID":7374,"ID":"0000690012","NAME":"LOS ANGELES AMBULATORY CARE CENTER","ADDRESS":"351 E TEMPLE ST","CITY":"LOS ANGELES","STATE":"CA","ZIP":"90012","ZIP4":"NOT AVAILABLE","TELEPHONE":"(213) 253-2677","TYPE":"MILITARY","STATUS":"OPEN","POPULATION":-999,"COUNTY":"LOS ANGELES","COUNTYFIPS":"06037","COUNTRY":"USA","LATITUDE":34.05201504,"LONGITUDE":-118.23842047,"NAICS_CODE":"622110","NAICS_DESC":"GENERAL MEDICAL AND SURGICAL HOSPITALS","SOURCE":"https://www.va.gov/directory/guide/allstate.asp","SOURCEDATE":1600992000000,"VAL_METHOD":"IMAGERY/OTHER","VAL_DATE":1649289600000,"WEBSITE":"http://www.losangeles.va.gov/","STATE_ID":"NOT AVAILABLE","ALT_NAME":"NOT AVAILABLE","ST_FIPS":"06","OWNER":"GOVERNMENT - FEDERAL","TTL_STAFF":-999,"BEDS":-999,"TRAUMA":"NOT AVAILABLE","HELIPAD":"N"}},{"type":"Feature","id":6512,"geometry":{"type":"Point","coordinates":[-122.16100516,37.4652921000001]},"properties":{"FID":6512,"OBJECTID":7376,"ID":"0000594025","NAME":"VA MEDICAL CENTER - MENLO PARK DIVISION","ADDRESS":"795 WILLOW RD","CITY":"MENLO PARK","STATE":"CA","ZIP":"94025","ZIP4":"NOT AVAILABLE","TELEPHONE":"(650) 614-9997","TYPE":"MILITARY","STATUS":"OPEN","POPULATION":715,"COUNTY":"SAN MATEO","COUNTYFIPS":"06081","COUNTRY":"USA","LATITUDE":37.4652921,"LONGITUDE":-122.16100516,"NAICS_CODE":"622110","NAICS_DESC":"GENERAL MEDICAL AND SURGICAL HOSPITALS","SOURCE":"https://www.va.gov/directory/guide/allstate.asp","SOURCEDATE":1600992000000,"VAL_METHOD":"IMAGERY/OTHER","VAL_DATE":1649289600000,"WEBSITE":"http://www.paloalto.va.gov/","STATE_ID":"NOT AVAILABLE","ALT_NAME":"NOT AVAILABLE","ST_FIPS":"06","OWNER":"GOVERNMENT - FEDERAL","TTL_STAFF":-999,"BEDS":715,"TRAUMA":"NOT AVAILABLE","HELIPAD":"N"}},{"type":"Feature","id":6527,"geometry":{"type":"Point","coordinates":[-85.29133174,42.3434272000001]},"properties":{"FID":6527,"OBJECTID":7391,"ID":"0007749037","NAME":"VA MEDICAL CENTER - BATTLE CREEK","ADDRESS":"5500 ARMSRTONG RD","CITY":"BATTLE CREEK","STATE":"MI","ZIP":"49037","ZIP4":"NOT AVAILABLE","TELEPHONE":"(269) 966-5600","TYPE":"MILITARY","STATUS":"OPEN","POPULATION":-999,"COUNTY":"CALHOUN","COUNTYFIPS":"26025","COUNTRY":"USA","LATITUDE":42.3434272,"LONGITUDE":-85.29133174,"NAICS_CODE":"622110","NAICS_DESC":"GENERAL MEDICAL AND SURGICAL HOSPITALS","SOURCE":"https://www.va.gov/directory/guide/allstate.asp","SOURCEDATE":1600992000000,"VAL_METHOD":"IMAGERY/OTHER","VAL_DATE":1649289600000,"WEBSITE":"http://www.battlecreek.va.gov/","STATE_ID":"NOT AVAILABLE","ALT_NAME":"NOT AVAILABLE","ST_FIPS":"26","OWNER":"GOVERNMENT - FEDERAL","TTL_STAFF":-999,"BEDS":-999,"TRAUMA":"NOT AVAILABLE","HELIPAD":"N"}},{"type":"Feature","id":6535,"geometry":{"type":"Point","coordinates":[-90.28355765,38.4944295000001]},"properties":{"FID":6535,"OBJECTID":7399,"ID":"0008463125","NAME":"VA MEDICAL CENTER - JEFFERSON BARRACKS DIVISION","ADDRESS":"1 JEFFERSON BARRACKS DR","CITY":"ST. LOUIS","STATE":"MO","ZIP":"63125","ZIP4":"NOT AVAILABLE","TELEPHONE":"(314) 652-4100","TYPE":"MILITARY","STATUS":"OPEN","POPULATION":355,"COUNTY":"ST. LOUIS","COUNTYFIPS":"29189","COUNTRY":"USA","LATITUDE":38.4944295,"LONGITUDE":-90.28355765,"NAICS_CODE":"622110","NAICS_DESC":"GENERAL MEDICAL AND SURGICAL HOSPITALS","SOURCE":"https://www.va.gov/directory/guide/allstate.asp","SOURCEDATE":1600992000000,"VAL_METHOD":"IMAGERY/OTHER","VAL_DATE":1649289600000,"WEBSITE":"http://www.stlouis.va.gov/","STATE_ID":"NOT AVAILABLE","ALT_NAME":"NOT AVAILABLE","ST_FIPS":"29","OWNER":"GOVERNMENT - FEDERAL","TTL_STAFF":-999,"BEDS":355,"TRAUMA":"NOT AVAILABLE","HELIPAD":"N"}},{"type":"Feature","id":6669,"geometry":{"type":"Point","coordinates":[-78.19787395,43.0133403]},"properties":{"FID":6669,"OBJECTID":7533,"ID":"0009814020","NAME":"VA MEDICAL CENTER - BATAVIA","ADDRESS":"222 RICHMOND AVE","CITY":"BATAVIA","STATE":"NY","ZIP":"14020","ZIP4":"NOT AVAILABLE","TELEPHONE":"NOT AVAILABLE","TYPE":"MILITARY","STATUS":"OPEN","POPULATION":-999,"COUNTY":"GENESEE","COUNTYFIPS":"36037","COUNTRY":"USA","LATITUDE":43.0133403,"LONGITUDE":-78.19787395,"NAICS_CODE":"622110","NAICS_DESC":"GENERAL MEDICAL AND SURGICAL HOSPITALS","SOURCE":"https://profiles.health.ny.gov/hospital/county_or_region/","SOURCEDATE":1597795200000,"VAL_METHOD":"IMAGERY/OTHER","VAL_DATE":1649289600000,"WEBSITE":"www.buffalo.va.gov/","STATE_ID":"NOT AVAILABLE","ALT_NAME":"NOT AVAILABLE","ST_FIPS":"36","OWNER":"GOVERNMENT - FEDERAL","TTL_STAFF":-999,"BEDS":-999,"TRAUMA":"NOT AVAILABLE","HELIPAD":"N"}},{"type":"Feature","id":6672,"geometry":{"type":"Point","coordinates":[-73.76867577,40.69064667]},"properties":{"FID":6672,"OBJECTID":7536,"ID":"0011211425","NAME":"ST. ALBANS COMMUNITY LIVING CENTER","ADDRESS":"179-00 LINDEN BLVD","CITY":"JAMAICA","STATE":"NY","ZIP":"11425","ZIP4":"NOT AVAILABLE","TELEPHONE":"(718) 526-1000","TYPE":"MILITARY","STATUS":"OPEN","POPULATION":386,"COUNTY":"QUEENS","COUNTYFIPS":"36081","COUNTRY":"USA","LATITUDE":40.69064667,"LONGITUDE":-73.76867577,"NAICS_CODE":"622110","NAICS_DESC":"GENERAL MEDICAL AND SURGICAL HOSPITALS","SOURCE":"https://profiles.health.ny.gov/hospital/county_or_region/","SOURCEDATE":1597795200000,"VAL_METHOD":"IMAGERY/OTHER","VAL_DATE":1649289600000,"WEBSITE":"http://www.nyharbor.va.gov/","STATE_ID":"NOT AVAILABLE","ALT_NAME":"NOT AVAILABLE","ST_FIPS":"36","OWNER":"GOVERNMENT - FEDERAL","TTL_STAFF":-999,"BEDS":386,"TRAUMA":"NOT AVAILABLE","HELIPAD":"N"}},{"type":"Feature","id":6713,"geometry":{"type":"Point","coordinates":[-92.437722,31.3559500000001]},"properties":{"FID":6713,"OBJECTID":7577,"ID":"0173871360","NAME":"ALEXANDRIA VA HEALTH CARE SYSTEM","ADDRESS":"2495 SHREVEPORT HIGHWAY","CITY":"PINEVILLE","STATE":"LA","ZIP":"71360","ZIP4":"NOT AVAILABLE","TELEPHONE":"(318) 466-4000","TYPE":"MILITARY","STATUS":"OPEN","POPULATION":54,"COUNTY":"RAPIDES","COUNTYFIPS":"22079","COUNTRY":"USA","LATITUDE":31.35595,"LONGITUDE":-92.437722,"NAICS_CODE":"622110","NAICS_DESC":"GENERAL MEDICAL AND SURGICAL HOSPITALS","SOURCE":"https://www.va.gov/directory/guide/allstate.asp","SOURCEDATE":1600992000000,"VAL_METHOD":"IMAGERY","VAL_DATE":1649289600000,"WEBSITE":"https://www.alexandria.va.gov/","STATE_ID":"NOT AVAILABLE","ALT_NAME":"NOT AVAILABLE","ST_FIPS":"22","OWNER":"GOVERNMENT - FEDERAL","TTL_STAFF":-999,"BEDS":54,"TRAUMA":"NOT AVAILABLE","HELIPAD":"Y"}},{"type":"Feature","id":6714,"geometry":{"type":"Point","coordinates":[-86.16311,41.707343]},"properties":{"FID":6714,"OBJECTID":7578,"ID":"0173946545","NAME":"ST JOSEPH COUNTY VA HEALTH CARE CENTER","ADDRESS":"1540 TRINITY PLACE","CITY":"MISHAWAKA","STATE":"IN","ZIP":"46545","ZIP4":"NOT AVAILABLE","TELEPHONE":"(574) 272-9000","TYPE":"MILITARY","STATUS":"OPEN","POPULATION":-999,"COUNTY":"ST. JOSEPH","COUNTYFIPS":"18141","COUNTRY":"USA","LATITUDE":41.707343,"LONGITUDE":-86.16311,"NAICS_CODE":"622110","NAICS_DESC":"GENERAL MEDICAL AND SURGICAL HOSPITALS","SOURCE":"https://www.va.gov/directory/guide/allstate.asp","SOURCEDATE":1600992000000,"VAL_METHOD":"IMAGERY","VAL_DATE":1649289600000,"WEBSITE":"https://www.northernindiana.va.gov/","STATE_ID":"NOT AVAILABLE","ALT_NAME":"NOT AVAILABLE","ST_FIPS":"18","OWNER":"GOVERNMENT - FEDERAL","TTL_STAFF":-999,"BEDS":-999,"TRAUMA":"NOT AVAILABLE","HELIPAD":"N"}},{"type":"Feature","id":6715,"geometry":{"type":"Point","coordinates":[-84.445641,39.064603]},"properties":{"FID":6715,"OBJECTID":7579,"ID":"0173741075","NAME":"CINCINNATI VA MEDICAL CENTER - FORT THOMAS","ADDRESS":"1000 S FT THOMAS AVE","CITY":"FT THOMAS","STATE":"KY","ZIP":"41075","ZIP4":"NOT AVAILABLE","TELEPHONE":"(859) 572-6202","TYPE":"MILITARY","STATUS":"OPEN","POPULATION":-999,"COUNTY":"CAMPBELL","COUNTYFIPS":"21037","COUNTRY":"USA","LATITUDE":39.064603,"LONGITUDE":-84.445641,"NAICS_CODE":"622110","NAICS_DESC":"GENERAL MEDICAL AND SURGICAL HOSPITALS","SOURCE":"https://www.va.gov/directory/guide/allstate.asp","SOURCEDATE":1600992000000,"VAL_METHOD":"IMAGERY","VAL_DATE":1649289600000,"WEBSITE":"https://www.va.gov/directory/guide/facility.asp?id=6479","STATE_ID":"NOT AVAILABLE","ALT_NAME":"NOT AVAILABLE","ST_FIPS":"21","OWNER":"GOVERNMENT - FEDERAL","TTL_STAFF":-999,"BEDS":-999,"TRAUMA":"NOT AVAILABLE","HELIPAD":"N"}},{"type":"Feature","id":6716,"geometry":{"type":"Point","coordinates":[-81.2757109999999,28.36614]},"properties":{"FID":6716,"OBJECTID":7580,"ID":"0181032827","NAME":"OLANDO VA MEDICAL CENTER","ADDRESS":"13800 VETERANS WAY","CITY":"ORLANDO","STATE":"FL","ZIP":"32827","ZIP4":"NOT AVAILABLE","TELEPHONE":"(407) 631-1000","TYPE":"MILITARY","STATUS":"OPEN","POPULATION":134,"COUNTY":"ORANGE","COUNTYFIPS":"12095","COUNTRY":"USA","LATITUDE":28.36614,"LONGITUDE":-81.275711,"NAICS_CODE":"622110","NAICS_DESC":"GENERAL MEDICAL AND SURGICAL HOSPITALS","SOURCE":"https://www.va.gov/directory/guide/allstate.asp","SOURCEDATE":1600992000000,"VAL_METHOD":"IMAGERY","VAL_DATE":1649289600000,"WEBSITE":"https://www.orlando.va.gov/","STATE_ID":"NOT AVAILABLE","ALT_NAME":"NOT AVAILABLE","ST_FIPS":"12","OWNER":"GOVERNMENT - FEDERAL","TTL_STAFF":-999,"BEDS":134,"TRAUMA":"NOT AVAILABLE","HELIPAD":"Y"}},{"type":"Feature","id":6717,"geometry":{"type":"Point","coordinates":[-76.595699,39.3363410000001]},"properties":{"FID":6717,"OBJECTID":7581,"ID":"0173521218","NAME":"LOCH RAVEN VA MEDICAL CENTER","ADDRESS":"3900 LOCH RAVEN BOULEVARD","CITY":"BALTIMORE","STATE":"MD","ZIP":"21218","ZIP4":"NOT AVAILABLE","TELEPHONE":"(410) 605-7000","TYPE":"MILITARY","STATUS":"OPEN","POPULATION":120,"COUNTY":"BALTIMORE CITY","COUNTYFIPS":"24510","COUNTRY":"USA","LATITUDE":39.336341,"LONGITUDE":-76.595699,"NAICS_CODE":"622110","NAICS_DESC":"GENERAL MEDICAL AND SURGICAL HOSPITALS","SOURCE":"https://www.va.gov/directory/guide/allstate.asp","SOURCEDATE":1600992000000,"VAL_METHOD":"IMAGERY","VAL_DATE":1649289600000,"WEBSITE":"https://www.maryland.va.gov/locations/loch_raven_va_community_living_and_rehabilitation_center.asp","STATE_ID":"NOT AVAILABLE","ALT_NAME":"NOT AVAILABLE","ST_FIPS":"24","OWNER":"GOVERNMENT - FEDERAL","TTL_STAFF":-999,"BEDS":120,"TRAUMA":"NOT AVAILABLE","HELIPAD":"N"}},{"type":"Feature","id":6720,"geometry":{"type":"Point","coordinates":[-98.357221,40.943051]},"properties":{"FID":6720,"OBJECTID":7584,"ID":"0174568803","NAME":"VA NEBRASKA-WESTERN IOWA HEALTH CARE SYSTEM","ADDRESS":"2201 NO. BROADWELL AVENUE","CITY":"GRAND ISLAND","STATE":"NE","ZIP":"68803","ZIP4":"2196","TELEPHONE":"(308) 382-3660","TYPE":"MILITARY","STATUS":"OPEN","POPULATION":-999,"COUNTY":"HALL","COUNTYFIPS":"31079","COUNTRY":"USA","LATITUDE":40.943051,"LONGITUDE":-98.357221,"NAICS_CODE":"622110","NAICS_DESC":"GENERAL MEDICAL AND SURGICAL HOSPITALS","SOURCE":"https://www.va.gov/directory/guide/allstate.asp","SOURCEDATE":1600992000000,"VAL_METHOD":"IMAGERY","VAL_DATE":1649289600000,"WEBSITE":"https://www.nebraska.va.gov/locations/grand_island.asp","STATE_ID":"NOT AVAILABLE","ALT_NAME":"NOT AVAILABLE","ST_FIPS":"31","OWNER":"GOVERNMENT - FEDERAL","TTL_STAFF":-999,"BEDS":-999,"TRAUMA":"NOT AVAILABLE","HELIPAD":"N"}},{"type":"Feature","id":6726,"geometry":{"type":"Point","coordinates":[-92.297424,34.7781580000001]},"properties":{"FID":6726,"OBJECTID":7590,"ID":"0174272114","NAME":"EUGENE J. TOWBIN VETERAN'S HEALTHCARE CENTER","ADDRESS":"2200 FORT ROOTS DRIVE NORTH","CITY":"LITTLE ROCK","STATE":"AR","ZIP":"72114","ZIP4":"NOT AVAILABLE","TELEPHONE":"(501) 257-1000","TYPE":"MILITARY","STATUS":"OPEN","POPULATION":256,"COUNTY":"PULASKI","COUNTYFIPS":"05119","COUNTRY":"USA","LATITUDE":34.778158,"LONGITUDE":-92.297424,"NAICS_CODE":"622110","NAICS_DESC":"GENERAL MEDICAL AND SURGICAL HOSPITALS","SOURCE":"https://www.va.gov/directory/guide/allstate.asp","SOURCEDATE":1600992000000,"VAL_METHOD":"IMAGERY","VAL_DATE":1649289600000,"WEBSITE":"https://www.littlerock.va.gov/","STATE_ID":"NOT AVAILABLE","ALT_NAME":"NOT AVAILABLE","ST_FIPS":"05","OWNER":"GOVERNMENT - FEDERAL","TTL_STAFF":-999,"BEDS":256,"TRAUMA":"NOT AVAILABLE","HELIPAD":"N"}},{"type":"Feature","id":6731,"geometry":{"type":"Point","coordinates":[-85.63826841,40.5204615000001]},"properties":{"FID":6731,"OBJECTID":7595,"ID":"0005646953","NAME":"VA MEDICAL CENTER - MARION, IN","ADDRESS":"1700 E 38TH ST","CITY":"MARION","STATE":"IN","ZIP":"46953","ZIP4":"NOT AVAILABLE","TELEPHONE":"(765) 674-3321","TYPE":"MILITARY","STATUS":"OPEN","POPULATION":225,"COUNTY":"GRANT","COUNTYFIPS":"18053","COUNTRY":"USA","LATITUDE":40.5204615,"LONGITUDE":-85.63826841,"NAICS_CODE":"622110","NAICS_DESC":"GENERAL MEDICAL AND SURGICAL HOSPITALS","SOURCE":"https://www.va.gov/directory/guide/allstate.asp","SOURCEDATE":1600992000000,"VAL_METHOD":"IMAGERY/OTHER","VAL_DATE":1649289600000,"WEBSITE":"http://www.northernindiana.va.gov/","STATE_ID":"NOT AVAILABLE","ALT_NAME":"NOT AVAILABLE","ST_FIPS":"18","OWNER":"GOVERNMENT - FEDERAL","TTL_STAFF":-999,"BEDS":225,"TRAUMA":"NOT AVAILABLE","HELIPAD":"N"}},{"type":"Feature","id":6736,"geometry":{"type":"Point","coordinates":[-86.1286248,32.3578505400001]},"properties":{"FID":6736,"OBJECTID":7600,"ID":"0176936109","NAME":"CAVHCS EAST CAMPUS","ADDRESS":"8105 VETERANS WAY","CITY":"MONTGOMERY","STATE":"AL","ZIP":"36109","ZIP4":"NOT AVAILABLE","TELEPHONE":"(800) 214-8387","TYPE":"MILITARY","STATUS":"OPEN","POPULATION":-999,"COUNTY":"MONTGOMERY","COUNTYFIPS":"01101","COUNTRY":"USA","LATITUDE":32.35785054,"LONGITUDE":-86.1286248,"NAICS_CODE":"622110","NAICS_DESC":"GENERAL MEDICAL AND SURGICAL HOSPITALS","SOURCE":"http://dph1.adph.state.al.us/facilitiesdirectory","SOURCEDATE":1596844800000,"VAL_METHOD":"IMAGERY","VAL_DATE":1649289600000,"WEBSITE":"https://www.centralalabama.va.gov/","STATE_ID":"NOT AVAILABLE","ALT_NAME":"NOT AVAILABLE","ST_FIPS":"01","OWNER":"GOVERNMENT - FEDERAL","TTL_STAFF":-999,"BEDS":-999,"TRAUMA":"NOT AVAILABLE","HELIPAD":"N"}},{"type":"Feature","id":6773,"geometry":{"type":"Point","coordinates":[-73.9633774499999,41.54362128]},"properties":{"FID":6773,"OBJECTID":7637,"ID":"0010412511","NAME":"VA MEDICAL CENTER - CASTLE POINT CAMPUS","ADDRESS":"100 NEW YORK, 9D","CITY":"CASTLE POINT","STATE":"NY","ZIP":"12511","ZIP4":"NOT AVAILABLE","TELEPHONE":"NOT AVAILABLE","TYPE":"MILITARY","STATUS":"OPEN","POPULATION":250,"COUNTY":"DUTCHESS","COUNTYFIPS":"36027","COUNTRY":"USA","LATITUDE":41.54362128,"LONGITUDE":-73.96337745,"NAICS_CODE":"622110","NAICS_DESC":"GENERAL MEDICAL AND SURGICAL HOSPITALS","SOURCE":"https://profiles.health.ny.gov/hospital/county_or_region/","SOURCEDATE":1597795200000,"VAL_METHOD":"IMAGERY/OTHER","VAL_DATE":1649289600000,"WEBSITE":"http://www.hudsonvalley.va.gov/","STATE_ID":"NOT AVAILABLE","ALT_NAME":"NOT AVAILABLE","ST_FIPS":"36","OWNER":"GOVERNMENT - FEDERAL","TTL_STAFF":-999,"BEDS":250,"TRAUMA":"NOT AVAILABLE","HELIPAD":"N"}},{"type":"Feature","id":6824,"geometry":{"type":"Point","coordinates":[-84.538381,38.073859]},"properties":{"FID":6824,"OBJECTID":7689,"ID":"0175740511","NAME":"LEXINGTON VA MEDICAL CENTER - LEESTOWN","ADDRESS":"2250 LEESTOWN ROAD LEXINGTON","CITY":"LEXINGTON","STATE":"KY","ZIP":"40511","ZIP4":"NOT AVAILABLE","TELEPHONE":"(859) 233-4511","TYPE":"MILITARY","STATUS":"OPEN","POPULATION":93,"COUNTY":"FAYETTE","COUNTYFIPS":"21067","COUNTRY":"USA","LATITUDE":38.073859,"LONGITUDE":-84.538381,"NAICS_CODE":"622110","NAICS_DESC":"GENERAL MEDICAL AND SURGICAL HOSPITALS","SOURCE":"https://www.va.gov/directory/guide/allstate.asp","SOURCEDATE":1600992000000,"VAL_METHOD":"IMAGERY","VAL_DATE":1649289600000,"WEBSITE":"https://www.lexington.va.gov/","STATE_ID":"NOT AVAILABLE","ALT_NAME":"NOT AVAILABLE","ST_FIPS":"21","OWNER":"GOVERNMENT - FEDERAL","TTL_STAFF":-999,"BEDS":93,"TRAUMA":"NOT AVAILABLE","HELIPAD":"N"}},{"type":"Feature","id":6826,"geometry":{"type":"Point","coordinates":[-82.9432264,32.53648137]},"properties":{"FID":6826,"OBJECTID":7691,"ID":"0002531021","NAME":"CARL VINSON VA MEDICAL CENTER","ADDRESS":"1826 VETERANS BLVD","CITY":"DUBLIN","STATE":"GA","ZIP":"31021","ZIP4":"NOT AVAILABLE","TELEPHONE":"(478) 272-1210","TYPE":"MILITARY","STATUS":"OPEN","POPULATION":178,"COUNTY":"LAURENS","COUNTYFIPS":"13175","COUNTRY":"USA","LATITUDE":32.53648137,"LONGITUDE":-82.9432264,"NAICS_CODE":"622110","NAICS_DESC":"GENERAL MEDICAL AND SURGICAL HOSPITALS","SOURCE":"https://www.va.gov/directory/guide/allstate.asp","SOURCEDATE":1600992000000,"VAL_METHOD":"IMAGERY/OTHER","VAL_DATE":1649289600000,"WEBSITE":"http://www.dublin.va.gov/","STATE_ID":"196","ALT_NAME":"NOT AVAILABLE","ST_FIPS":"13","OWNER":"GOVERNMENT - FEDERAL","TTL_STAFF":-999,"BEDS":178,"TRAUMA":"NOT AVAILABLE","HELIPAD":"N"}},{"type":"Feature","id":6827,"geometry":{"type":"Point","coordinates":[-118.48204183,34.24438639]},"properties":{"FID":6827,"OBJECTID":7693,"ID":"0003391343","NAME":"SEPULVEDA AMBULATORY CARE CENTER","ADDRESS":"16111 PLUMMER ST","CITY":"LOS ANGELES","STATE":"CA","ZIP":"91343","ZIP4":"NOT AVAILABLE","TELEPHONE":"(818) 891-7711","TYPE":"MILITARY","STATUS":"CLOSED","POPULATION":-999,"COUNTY":"LOS ANGELES","COUNTYFIPS":"06037","COUNTRY":"USA","LATITUDE":34.24438639,"LONGITUDE":-118.48204183,"NAICS_CODE":"622110","NAICS_DESC":"GENERAL MEDICAL AND SURGICAL HOSPITALS","SOURCE":"https://www.va.gov/directory/guide/allstate.asp","SOURCEDATE":1600992000000,"VAL_METHOD":"IMAGERY/OTHER","VAL_DATE":1432166400000,"WEBSITE":"http://www.losangeles.va.gov/","STATE_ID":"NOT AVAILABLE","ALT_NAME":"NOT AVAILABLE","ST_FIPS":"06","OWNER":"GOVERNMENT - FEDERAL","TTL_STAFF":-999,"BEDS":-999,"TRAUMA":"NOT AVAILABLE","HELIPAD":"N"}},{"type":"Feature","id":6866,"geometry":{"type":"Point","coordinates":[-82.9095849399999,39.9808247]},"properties":{"FID":6866,"OBJECTID":7728,"ID":"0011443219","NAME":"CHALMERS P. WYLIE VA AMBULATORY CARE CENTER","ADDRESS":"420 N JAMES RD","CITY":"COLUMBUS","STATE":"OH","ZIP":"43219","ZIP4":"NOT AVAILABLE","TELEPHONE":"(614) 257-5200","TYPE":"MILITARY","STATUS":"OPEN","POPULATION":-999,"COUNTY":"FRANKLIN","COUNTYFIPS":"39049","COUNTRY":"USA","LATITUDE":39.9808247,"LONGITUDE":-82.90958494,"NAICS_CODE":"622110","NAICS_DESC":"GENERAL MEDICAL AND SURGICAL HOSPITALS","SOURCE":"https://www.va.gov/directory/guide/allstate.asp","SOURCEDATE":1600992000000,"VAL_METHOD":"IMAGERY/OTHER","VAL_DATE":1649289600000,"WEBSITE":"http://www.columbus.va.gov/","STATE_ID":"NOT AVAILABLE","ALT_NAME":"NOT AVAILABLE","ST_FIPS":"39","OWNER":"GOVERNMENT - FEDERAL","TTL_STAFF":-999,"BEDS":-999,"TRAUMA":"NOT AVAILABLE","HELIPAD":"N"}},{"type":"Feature","id":6873,"geometry":{"type":"Point","coordinates":[-83.9620235799999,43.4447957100001]},"properties":{"FID":6873,"OBJECTID":7730,"ID":"0007148602","NAME":"ALEDA E. LUTZ VA MEDICAL CENTER","ADDRESS":"1500 WEISS ST","CITY":"SAGINAW","STATE":"MI","ZIP":"48602","ZIP4":"NOT AVAILABLE","TELEPHONE":"(989) 497-2500","TYPE":"MILITARY","STATUS":"OPEN","POPULATION":8,"COUNTY":"SAGINAW","COUNTYFIPS":"26145","COUNTRY":"USA","LATITUDE":43.44479571,"LONGITUDE":-83.96202358,"NAICS_CODE":"622110","NAICS_DESC":"GENERAL MEDICAL AND SURGICAL HOSPITALS","SOURCE":"https://www.va.gov/directory/guide/allstate.asp","SOURCEDATE":1600992000000,"VAL_METHOD":"IMAGERY/OTHER","VAL_DATE":1649289600000,"WEBSITE":"http://www.saginaw.va.gov/","STATE_ID":"NOT AVAILABLE","ALT_NAME":"NOT AVAILABLE","ST_FIPS":"26","OWNER":"GOVERNMENT - FEDERAL","TTL_STAFF":-999,"BEDS":8,"TRAUMA":"NOT AVAILABLE","HELIPAD":"N"}},{"type":"Feature","id":6881,"geometry":{"type":"Point","coordinates":[-79.94413084,40.8734394900001]},"properties":{"FID":6881,"OBJECTID":7732,"ID":"0012016001","NAME":"VA BUTLER HEALTHCARE","ADDRESS":"325 NEW CASTLE RD","CITY":"BUTLER","STATE":"PA","ZIP":"16001","ZIP4":"NOT AVAILABLE","TELEPHONE":"(800) 362-8262","TYPE":"MILITARY","STATUS":"OPEN","POPULATION":56,"COUNTY":"BUTLER","COUNTYFIPS":"42019","COUNTRY":"USA","LATITUDE":40.87343949,"LONGITUDE":-79.94413084,"NAICS_CODE":"622110","NAICS_DESC":"GENERAL MEDICAL AND SURGICAL HOSPITALS","SOURCE":"https://www.va.gov/directory/guide/allstate.asp","SOURCEDATE":1600992000000,"VAL_METHOD":"IMAGERY/OTHER","VAL_DATE":1649289600000,"WEBSITE":"http://www.butler.va.gov/","STATE_ID":"NOT AVAILABLE","ALT_NAME":"NOT AVAILABLE","ST_FIPS":"42","OWNER":"GOVERNMENT - FEDERAL","TTL_STAFF":-999,"BEDS":56,"TRAUMA":"NOT AVAILABLE","HELIPAD":"N"}},{"type":"Feature","id":6926,"geometry":{"type":"Point","coordinates":[-106.46248215,31.8207955500001]},"properties":{"FID":6926,"OBJECTID":7744,"ID":"0015579930","NAME":"EL PASO VA HEALTH CARE SYSTEM","ADDRESS":"5001 N PIEDRAS","CITY":"EL PASO","STATE":"TX","ZIP":"79930","ZIP4":"NOT AVAILABLE","TELEPHONE":"(951) 564-6100","TYPE":"MILITARY","STATUS":"OPEN","POPULATION":-999,"COUNTY":"EL PASO","COUNTYFIPS":"48141","COUNTRY":"USA","LATITUDE":31.82079555,"LONGITUDE":-106.46248215,"NAICS_CODE":"622110","NAICS_DESC":"GENERAL MEDICAL AND SURGICAL HOSPITALS","SOURCE":"https://www.va.gov/directory/guide/allstate.asp","SOURCEDATE":1600992000000,"VAL_METHOD":"IMAGERY/OTHER","VAL_DATE":1649289600000,"WEBSITE":"http://www.elpaso.va.gov/","STATE_ID":"NOT AVAILABLE","ALT_NAME":"NOT AVAILABLE","ST_FIPS":"48","OWNER":"GOVERNMENT - FEDERAL","TTL_STAFF":-999,"BEDS":-999,"TRAUMA":"LEVEL III","HELIPAD":"Y"}},{"type":"Feature","id":6938,"geometry":{"type":"Point","coordinates":[-82.5165061279999,38.37687673]},"properties":{"FID":6938,"OBJECTID":6939,"ID":"0016925701","NAME":"HUNTINGTON VA MEDICAL CENTER","ADDRESS":"1540 SPRING VALLEY DRIVE","CITY":"HUNTINGTON","STATE":"WV","ZIP":"25701","ZIP4":"NOT AVAILABLE","TELEPHONE":"(304) 429-6741","TYPE":"MILITARY","STATUS":"OPEN","POPULATION":-999,"COUNTY":"WAYNE","COUNTYFIPS":"54099","COUNTRY":"USA","LATITUDE":38.37687673,"LONGITUDE":-82.51650613,"NAICS_CODE":"622110","NAICS_DESC":"GENERAL MEDICAL AND SURGICAL HOSPITALS","SOURCE":"https://ohflac.wvdhhr.org/apps/lookup/facilitysearch","SOURCEDATE":1620691200000,"VAL_METHOD":"IMAGERY/OTHER","VAL_DATE":1432857600000,"WEBSITE":"NOT AVAILABLE","STATE_ID":"NOT AVAILABLE","ALT_NAME":"VA HOSPITAL","ST_FIPS":"54","OWNER":"GOVERNMENT - FEDERAL","TTL_STAFF":-999,"BEDS":-999,"TRAUMA":"NOT AVAILABLE","HELIPAD":"Y"}},{"type":"Feature","id":6969,"geometry":{"type":"Point","coordinates":[-71.1102999999999,42.3270000000001]},"properties":{"FID":6969,"OBJECTID":7759,"ID":"0008502130","NAME":"VA BOSTON HEALTHCARE SYSTEM - JAMAICA PLAIN","ADDRESS":"150 S. HUNTINGTON AVENUE","CITY":"JAMAICA PLAIN","STATE":"MA","ZIP":"02130","ZIP4":"NOT AVAILABLE","TELEPHONE":"NOT AVAILABLE","TYPE":"MILITARY","STATUS":"OPEN","POPULATION":361,"COUNTY":"SUFFOLK","COUNTYFIPS":"25025","COUNTRY":"USA","LATITUDE":42.327,"LONGITUDE":-71.1103,"NAICS_CODE":"622110","NAICS_DESC":"GENERAL MEDICAL AND SURGICAL HOSPITALS","SOURCE":"http://www.mass.gov/eohhs/gov/departments/dph/programs/hcq/healthcare-quality/","SOURCEDATE":1597449600000,"VAL_METHOD":"IMAGERY/OTHER","VAL_DATE":1649289600000,"WEBSITE":"http://www.boston.va.gov/","STATE_ID":"NOT AVAILABLE","ALT_NAME":"VA BOSTON - JAMAICA PLAIN","ST_FIPS":"25","OWNER":"GOVERNMENT - FEDERAL","TTL_STAFF":-999,"BEDS":361,"TRAUMA":"NOT AVAILABLE","HELIPAD":"N"}},{"type":"Feature","id":7052,"geometry":{"type":"Point","coordinates":[-78.39575461,40.48849505]},"properties":{"FID":7052,"OBJECTID":7786,"ID":"0014916602","NAME":"JAMES E VAN ZANDT VA MEDICAL CENTER","ADDRESS":"2907 PLEASANT VALLEY BOULEVARD","CITY":"ALTOONA","STATE":"PA","ZIP":"16602","ZIP4":"NOT AVAILABLE","TELEPHONE":"(877) 626-2500","TYPE":"MILITARY","STATUS":"OPEN","POPULATION":68,"COUNTY":"BLAIR","COUNTYFIPS":"42013","COUNTRY":"USA","LATITUDE":40.48849505,"LONGITUDE":-78.39575461,"NAICS_CODE":"622110","NAICS_DESC":"GENERAL MEDICAL AND SURGICAL HOSPITALS","SOURCE":"https://www.va.gov/directory/guide/allstate.asp","SOURCEDATE":1600992000000,"VAL_METHOD":"IMAGERY","VAL_DATE":1649289600000,"WEBSITE":"http://www.altoona.va.gov/","STATE_ID":"220500","ALT_NAME":"NOT AVAILABLE","ST_FIPS":"42","OWNER":"GOVERNMENT - FEDERAL","TTL_STAFF":-999,"BEDS":68,"TRAUMA":"NOT AVAILABLE","HELIPAD":"N"}},{"type":"Feature","id":7089,"geometry":{"type":"Point","coordinates":[-77.34750919,42.3440524100001]},"properties":{"FID":7089,"OBJECTID":7798,"ID":"0010014810","NAME":"VA MEDICAL CENTER - BATH","ADDRESS":"76 VETERANS AVE","CITY":"BATH","STATE":"NY","ZIP":"14810","ZIP4":"NOT AVAILABLE","TELEPHONE":"NOT AVAILABLE","TYPE":"MILITARY","STATUS":"OPEN","POPULATION":440,"COUNTY":"STEUBEN","COUNTYFIPS":"36101","COUNTRY":"USA","LATITUDE":42.34405241,"LONGITUDE":-77.34750919,"NAICS_CODE":"622110","NAICS_DESC":"GENERAL MEDICAL AND SURGICAL HOSPITALS","SOURCE":"https://profiles.health.ny.gov/hospital/county_or_region/","SOURCEDATE":1597795200000,"VAL_METHOD":"IMAGERY/OTHER","VAL_DATE":1649289600000,"WEBSITE":"http://www.bath.va.gov/","STATE_ID":"NOT AVAILABLE","ALT_NAME":"NOT AVAILABLE","ST_FIPS":"36","OWNER":"GOVERNMENT - FEDERAL","TTL_STAFF":-999,"BEDS":440,"TRAUMA":"NOT AVAILABLE","HELIPAD":"N"}},{"type":"Feature","id":7150,"geometry":{"type":"Point","coordinates":[-88.94195402,30.41511432]},"properties":{"FID":7150,"OBJECTID":7817,"ID":"0008739531","NAME":"GULF COAST VETERANS HEALTH CARE SYSTEM","ADDRESS":"400 VETERANS AVE","CITY":"BILOXI","STATE":"MS","ZIP":"39531","ZIP4":"NOT AVAILABLE","TELEPHONE":"(228) 523-5000","TYPE":"MILITARY","STATUS":"OPEN","POPULATION":716,"COUNTY":"HARRISON","COUNTYFIPS":"28047","COUNTRY":"USA","LATITUDE":30.41511432,"LONGITUDE":-88.94195402,"NAICS_CODE":"622110","NAICS_DESC":"GENERAL MEDICAL AND SURGICAL HOSPITALS","SOURCE":"https://www.va.gov/directory/guide/allstate.asp","SOURCEDATE":1600992000000,"VAL_METHOD":"IMAGERY/OTHER","VAL_DATE":1649289600000,"WEBSITE":"http://www.biloxi.va.gov/","STATE_ID":"NOT AVAILABLE","ALT_NAME":"NOT AVAILABLE","ST_FIPS":"28","OWNER":"GOVERNMENT - FEDERAL","TTL_STAFF":-999,"BEDS":716,"TRAUMA":"NOT AVAILABLE","HELIPAD":"N"}},{"type":"Feature","id":7152,"geometry":{"type":"Point","coordinates":[-83.02039876,39.3904310400001]},"properties":{"FID":7152,"OBJECTID":7818,"ID":"0011545601","NAME":"VA MEDICAL CENTER - CHILLICOTHE","ADDRESS":"17273 OH-104","CITY":"CHILLICOTHE","STATE":"OH","ZIP":"45601","ZIP4":"NOT AVAILABLE","TELEPHONE":"(740) 773-1141","TYPE":"MILITARY","STATUS":"OPEN","POPULATION":141,"COUNTY":"ROSS","COUNTYFIPS":"39141","COUNTRY":"USA","LATITUDE":39.39043104,"LONGITUDE":-83.02039876,"NAICS_CODE":"622110","NAICS_DESC":"GENERAL MEDICAL AND SURGICAL HOSPITALS","SOURCE":"https://www.va.gov/directory/guide/allstate.asp","SOURCEDATE":1600992000000,"VAL_METHOD":"IMAGERY/OTHER","VAL_DATE":1649289600000,"WEBSITE":"http://www.chillicothe.va.gov/","STATE_ID":"NOT AVAILABLE","ALT_NAME":"NOT AVAILABLE","ST_FIPS":"39","OWNER":"GOVERNMENT - FEDERAL","TTL_STAFF":-999,"BEDS":141,"TRAUMA":"NOT AVAILABLE","HELIPAD":"Y"}},{"type":"Feature","id":7165,"geometry":{"type":"Point","coordinates":[-115.09447102,36.2847256700001]},"properties":{"FID":7165,"OBJECTID":7821,"ID":"0005889086","NAME":"VA SOUTHERN NEVADA HEALTHCARE SYSTEM","ADDRESS":"6900 PECOS RD","CITY":"NORTH LAS VEGAS","STATE":"NV","ZIP":"89086","ZIP4":"NOT AVAILABLE","TELEPHONE":"(702) 791-9024","TYPE":"MILITARY","STATUS":"OPEN","POPULATION":190,"COUNTY":"CLARK","COUNTYFIPS":"32003","COUNTRY":"USA","LATITUDE":36.28472567,"LONGITUDE":-115.09447102,"NAICS_CODE":"622110","NAICS_DESC":"GENERAL MEDICAL AND SURGICAL HOSPITALS","SOURCE":"http://dpbh.nv.gov/reg/healthfacilities/community_resources/","SOURCEDATE":1596844800000,"VAL_METHOD":"IMAGERY/OTHER","VAL_DATE":1649289600000,"WEBSITE":"http://www.mhds.state.nv.us","STATE_ID":"NOT AVAILABLE","ALT_NAME":"NOT AVAILABLE","ST_FIPS":"32","OWNER":"GOVERNMENT - FEDERAL","TTL_STAFF":-999,"BEDS":190,"TRAUMA":"NOT AVAILABLE","HELIPAD":"N"}},{"type":"Feature","id":7204,"geometry":{"type":"Point","coordinates":[-103.47617911,43.43675023]},"properties":{"FID":7204,"OBJECTID":7832,"ID":"0006857747","NAME":"VETERANS AFFAIRS BLACK HILLS HEALTH CARE SYSTEM - HOT SPRINGS CAMPUS","ADDRESS":"500 NORTH 5TH STREET","CITY":"HOT SPRINGS","STATE":"SD","ZIP":"57747","ZIP4":"NOT AVAILABLE","TELEPHONE":"(605) 745-2000","TYPE":"MILITARY","STATUS":"OPEN","POPULATION":-999,"COUNTY":"FALL RIVER","COUNTYFIPS":"46047","COUNTRY":"USA","LATITUDE":43.43675023,"LONGITUDE":-103.47617911,"NAICS_CODE":"622110","NAICS_DESC":"GENERAL MEDICAL AND SURGICAL HOSPITALS","SOURCE":"http://arcgis.sd.gov/arcgis/rest/services/sd_all/mapserver/38","SOURCEDATE":1596931200000,"VAL_METHOD":"IMAGERY","VAL_DATE":1649289600000,"WEBSITE":"www.blackhills.va.gov/","STATE_ID":"NOT AVAILABLE","ALT_NAME":"NOT AVAILABLE","ST_FIPS":"46","OWNER":"GOVERNMENT - FEDERAL","TTL_STAFF":-999,"BEDS":-999,"TRAUMA":"NOT AVAILABLE","HELIPAD":"Y"}},{"type":"Feature","id":7207,"geometry":{"type":"Point","coordinates":[-87.975380306,43.02079324]},"properties":{"FID":7207,"OBJECTID":7034,"ID":"0016553295","NAME":"CLEMENT J ZABLOCKI VETERANS AFFAIRS","ADDRESS":"5000 WEST NATIONAL AVENUE","CITY":"MILWAUKEE","STATE":"WI","ZIP":"53295","ZIP4":"NOT AVAILABLE","TELEPHONE":"(414) 384-2000","TYPE":"MILITARY","STATUS":"OPEN","POPULATION":-999,"COUNTY":"MILWAUKEE","COUNTYFIPS":"55079","COUNTRY":"USA","LATITUDE":43.02079324,"LONGITUDE":-87.97538031,"NAICS_CODE":"622110","NAICS_DESC":"GENERAL MEDICAL AND SURGICAL HOSPITALS","SOURCE":"https://www.dhs.wisconsin.gov/guide/hospitaldirexcel.xlsx","SOURCEDATE":1630540800000,"VAL_METHOD":"IMAGERY/OTHER","VAL_DATE":1588636800000,"WEBSITE":"NOT AVAILABLE","STATE_ID":"HSPLACU168","ALT_NAME":"NOT AVAILABLE","ST_FIPS":"55","OWNER":"GOVERNMENT - FEDERAL","TTL_STAFF":-999,"BEDS":-999,"TRAUMA":"NOT AVAILABLE","HELIPAD":"N"}},{"type":"Feature","id":7286,"geometry":{"type":"Point","coordinates":[-93.1140806499999,41.3225916000001]},"properties":{"FID":7286,"OBJECTID":7861,"ID":"0010750138","NAME":"DEPARTMENT OF VETERANS AFFAIRS MEDICAL CENTER","ADDRESS":"1515 WEST PLEASANT STREET","CITY":"KNOXVILLE","STATE":"IA","ZIP":"50138","ZIP4":"NOT AVAILABLE","TELEPHONE":"(515) 842-3101","TYPE":"MILITARY","STATUS":"OPEN","POPULATION":-999,"COUNTY":"MARION","COUNTYFIPS":"19125","COUNTRY":"USA","LATITUDE":41.3225916,"LONGITUDE":-93.11408065,"NAICS_CODE":"622110","NAICS_DESC":"GENERAL MEDICAL AND SURGICAL HOSPITALS","SOURCE":"https://dia-hfd.iowa.gov/dia_hfd/ctlentitysearch.do","SOURCEDATE":1596844800000,"VAL_METHOD":"IMAGERY","VAL_DATE":1649289600000,"WEBSITE":"http://www1.va.gov/directory/guide/facility.asp?id=66","STATE_ID":"NOT AVAILABLE","ALT_NAME":"NOT AVAILABLE","ST_FIPS":"19","OWNER":"GOVERNMENT - FEDERAL","TTL_STAFF":-999,"BEDS":-999,"TRAUMA":"NOT AVAILABLE","HELIPAD":"N"}},{"type":"Feature","id":7293,"geometry":{"type":"Point","coordinates":[-96.16663814,33.58458954]},"properties":{"FID":7293,"OBJECTID":7864,"ID":"0014375418","NAME":"SAM RAYBURN MEMORIAL VETERANS CENTER","ADDRESS":"1201 E 9TH ST","CITY":"BONHAM","STATE":"TX","ZIP":"75418","ZIP4":"NOT AVAILABLE","TELEPHONE":"(903) 583-2111","TYPE":"MILITARY","STATUS":"OPEN","POPULATION":292,"COUNTY":"FANNIN","COUNTYFIPS":"48147","COUNTRY":"USA","LATITUDE":33.58458954,"LONGITUDE":-96.16663814,"NAICS_CODE":"622110","NAICS_DESC":"GENERAL MEDICAL AND SURGICAL HOSPITALS","SOURCE":"https://www.va.gov/directory/guide/allstate.asp","SOURCEDATE":1600992000000,"VAL_METHOD":"IMAGERY/OTHER","VAL_DATE":1649289600000,"WEBSITE":"http://www.northtexas.va.gov/","STATE_ID":"NOT AVAILABLE","ALT_NAME":"NOT AVAILABLE","ST_FIPS":"48","OWNER":"GOVERNMENT - FEDERAL","TTL_STAFF":-999,"BEDS":292,"TRAUMA":"NOT AVAILABLE","HELIPAD":"N"}},{"type":"Feature","id":7299,"geometry":{"type":"Point","coordinates":[-99.11477579,30.01682787]},"properties":{"FID":7299,"OBJECTID":7866,"ID":"0014178028","NAME":"KERRVILLE VA HOSPITAL, STVHCS","ADDRESS":"3600 MEMORIAL BLVD","CITY":"KERRVILLE","STATE":"TX","ZIP":"78028","ZIP4":"NOT AVAILABLE","TELEPHONE":"(866) 487-1653","TYPE":"MILITARY","STATUS":"OPEN","POPULATION":226,"COUNTY":"KERR","COUNTYFIPS":"48265","COUNTRY":"USA","LATITUDE":30.01682787,"LONGITUDE":-99.11477579,"NAICS_CODE":"622110","NAICS_DESC":"GENERAL MEDICAL AND SURGICAL HOSPITALS","SOURCE":"https://www.va.gov/directory/guide/allstate.asp","SOURCEDATE":1600992000000,"VAL_METHOD":"IMAGERY/OTHER","VAL_DATE":1649289600000,"WEBSITE":"http://www.southtexas.va.gov/","STATE_ID":"NOT AVAILABLE","ALT_NAME":"NOT AVAILABLE","ST_FIPS":"48","OWNER":"GOVERNMENT - FEDERAL","TTL_STAFF":-999,"BEDS":226,"TRAUMA":"NOT AVAILABLE","HELIPAD":"Y"}},{"type":"Feature","id":7304,"geometry":{"type":"Point","coordinates":[-97.16414014,31.5114555700001]},"properties":{"FID":7304,"OBJECTID":7868,"ID":"0015676711","NAME":"DORIS MILLER DEPARTMENT OF VETERANS AFFAIRS MEDICAL CENTER","ADDRESS":"4800 MEMORIAL DR","CITY":"WACO","STATE":"TX","ZIP":"76711","ZIP4":"NOT AVAILABLE","TELEPHONE":"(254) 752-6581","TYPE":"MILITARY","STATUS":"OPEN","POPULATION":146,"COUNTY":"MCLENNAN","COUNTYFIPS":"48309","COUNTRY":"USA","LATITUDE":31.51145557,"LONGITUDE":-97.16414014,"NAICS_CODE":"622110","NAICS_DESC":"GENERAL MEDICAL AND SURGICAL HOSPITALS","SOURCE":"https://www.va.gov/directory/guide/allstate.asp","SOURCEDATE":1600992000000,"VAL_METHOD":"IMAGERY/OTHER","VAL_DATE":1649289600000,"WEBSITE":"http://www.centraltexas.va.gov/","STATE_ID":"NOT AVAILABLE","ALT_NAME":"NOT AVAILABLE","ST_FIPS":"48","OWNER":"GOVERNMENT - FEDERAL","TTL_STAFF":-999,"BEDS":146,"TRAUMA":"NOT AVAILABLE","HELIPAD":"N"}},{"type":"Feature","id":7340,"geometry":{"type":"Point","coordinates":[-119.77914508,36.7732504300001]},"properties":{"FID":7340,"OBJECTID":7881,"ID":"0000493703","NAME":"VA CENTRAL CALIFORNIA HEALTH CARE SYSTEM","ADDRESS":"2615 E CLINTON AVE","CITY":"FRESNO","STATE":"CA","ZIP":"93703","ZIP4":"NOT AVAILABLE","TELEPHONE":"(559) 225-6100","TYPE":"MILITARY","STATUS":"OPEN","POPULATION":54,"COUNTY":"FRESNO","COUNTYFIPS":"06019","COUNTRY":"USA","LATITUDE":36.77325043,"LONGITUDE":-119.77914508,"NAICS_CODE":"622110","NAICS_DESC":"GENERAL MEDICAL AND SURGICAL HOSPITALS","SOURCE":"https://www.va.gov/directory/guide/allstate.asp","SOURCEDATE":1600992000000,"VAL_METHOD":"IMAGERY/OTHER","VAL_DATE":1649289600000,"WEBSITE":"http://www.fresno.va.gov/","STATE_ID":"NOT AVAILABLE","ALT_NAME":"NOT AVAILABLE","ST_FIPS":"06","OWNER":"GOVERNMENT - FEDERAL","TTL_STAFF":-999,"BEDS":54,"TRAUMA":"NOT AVAILABLE","HELIPAD":"N"}},{"type":"Feature","id":7352,"geometry":{"type":"Point","coordinates":[-80.063293,42.102202]},"properties":{"FID":7352,"OBJECTID":7885,"ID":"0015016504","NAME":"ERIE VETERANS AFFAIRS MEDICAL CENTER","ADDRESS":"135 EAST 38TH STREET","CITY":"ERIE","STATE":"PA","ZIP":"16504","ZIP4":"NOT AVAILABLE","TELEPHONE":"(814) 868-8661","TYPE":"MILITARY","STATUS":"OPEN","POPULATION":78,"COUNTY":"ERIE","COUNTYFIPS":"42049","COUNTRY":"USA","LATITUDE":42.102202,"LONGITUDE":-80.063293,"NAICS_CODE":"622110","NAICS_DESC":"GENERAL MEDICAL AND SURGICAL HOSPITALS","SOURCE":"https://www.va.gov/directory/guide/allstate.asp","SOURCEDATE":1600992000000,"VAL_METHOD":"IMAGERY","VAL_DATE":1649289600000,"WEBSITE":"http://www.erie.va.gov/","STATE_ID":"220800","ALT_NAME":"NOT AVAILABLE","ST_FIPS":"42","OWNER":"GOVERNMENT - FEDERAL","TTL_STAFF":-999,"BEDS":78,"TRAUMA":"NOT AVAILABLE","HELIPAD":"N"}},{"type":"Feature","id":7380,"geometry":{"type":"Point","coordinates":[-118.11907858,33.7766350300001]},"properties":{"FID":7380,"OBJECTID":7894,"ID":"0002490822","NAME":"VA LONG BEACH HEALTHCARE SYSTEM","ADDRESS":"5901 E 7TH ST","CITY":"LONG BEACH","STATE":"CA","ZIP":"90822","ZIP4":"NOT AVAILABLE","TELEPHONE":"(562) 826-8000","TYPE":"MILITARY","STATUS":"OPEN","POPULATION":237,"COUNTY":"LOS ANGELES","COUNTYFIPS":"06037","COUNTRY":"USA","LATITUDE":33.77663503,"LONGITUDE":-118.11907858,"NAICS_CODE":"622110","NAICS_DESC":"GENERAL MEDICAL AND SURGICAL HOSPITALS","SOURCE":"https://www.va.gov/directory/guide/allstate.asp","SOURCEDATE":1600992000000,"VAL_METHOD":"IMAGERY/OTHER","VAL_DATE":1649289600000,"WEBSITE":"http://www.longbeach.va.gov/","STATE_ID":"NOT AVAILABLE","ALT_NAME":"NOT AVAILABLE","ST_FIPS":"06","OWNER":"GOVERNMENT - FEDERAL","TTL_STAFF":-999,"BEDS":237,"TRAUMA":"NOT AVAILABLE","HELIPAD":"N"}},{"type":"Feature","id":7425,"geometry":{"type":"Point","coordinates":[-78.8769558399999,35.0878226200001]},"properties":{"FID":7425,"OBJECTID":7908,"ID":"0008528301","NAME":"VA MEDICAL CENTER - FAYETTEVILLE","ADDRESS":"2300 RAMSEY ST","CITY":"FAYETTEVILLE","STATE":"NC","ZIP":"28301","ZIP4":"NOT AVAILABLE","TELEPHONE":"(910) 488-2120","TYPE":"MILITARY","STATUS":"OPEN","POPULATION":127,"COUNTY":"CUMBERLAND","COUNTYFIPS":"37051","COUNTRY":"USA","LATITUDE":35.08782262,"LONGITUDE":-78.87695584,"NAICS_CODE":"622110","NAICS_DESC":"GENERAL MEDICAL AND SURGICAL HOSPITALS","SOURCE":"https://www.va.gov/directory/guide/allstate.asp","SOURCEDATE":1600992000000,"VAL_METHOD":"IMAGERY/OTHER","VAL_DATE":1649289600000,"WEBSITE":"http://www.fayettevillenc.va.gov/","STATE_ID":"NOT AVAILABLE","ALT_NAME":"NOT AVAILABLE","ST_FIPS":"37","OWNER":"GOVERNMENT - FEDERAL","TTL_STAFF":-999,"BEDS":127,"TRAUMA":"NOT AVAILABLE","HELIPAD":"N"}},{"type":"Feature","id":7443,"geometry":{"type":"Point","coordinates":[-87.58695313,40.12327171]},"properties":{"FID":7443,"OBJECTID":7914,"ID":"0002461832","NAME":"VETERANS AFFAIRS ILLIANA HEALTH CARE SYSTEM","ADDRESS":"1900 E. MAIN","CITY":"DANVILLE","STATE":"IL","ZIP":"61832","ZIP4":"NOT AVAILABLE","TELEPHONE":"(217) 554-3000","TYPE":"MILITARY","STATUS":"OPEN","POPULATION":221,"COUNTY":"VERMILION","COUNTYFIPS":"17183","COUNTRY":"USA","LATITUDE":40.12327171,"LONGITUDE":-87.58695313,"NAICS_CODE":"622110","NAICS_DESC":"GENERAL MEDICAL AND SURGICAL HOSPITALS","SOURCE":"https://data.illinois.gov/dataset/410idph_hospital_directory","SOURCEDATE":1593388800000,"VAL_METHOD":"IMAGERY/OTHER","VAL_DATE":1649289600000,"WEBSITE":"http://www.danville.va.gov/","STATE_ID":"14004F","ALT_NAME":"NOT AVAILABLE","ST_FIPS":"17","OWNER":"GOVERNMENT - FEDERAL","TTL_STAFF":-999,"BEDS":221,"TRAUMA":"NOT AVAILABLE","HELIPAD":"Y"}},{"type":"Feature","id":7449,"geometry":{"type":"Point","coordinates":[-73.92928204,41.2370188100001]},"properties":{"FID":7449,"OBJECTID":7917,"ID":"0010510548","NAME":"VA MEDICAL CENTER - MONTROSE CAMPUS","ADDRESS":"2094 ALBANY POST RD","CITY":"MONTROSE","STATE":"NY","ZIP":"10548","ZIP4":"NOT AVAILABLE","TELEPHONE":"NOT AVAILABLE","TYPE":"MILITARY","STATUS":"OPEN","POPULATION":-999,"COUNTY":"WESTCHESTER","COUNTYFIPS":"36119","COUNTRY":"USA","LATITUDE":41.23701881,"LONGITUDE":-73.92928204,"NAICS_CODE":"622110","NAICS_DESC":"GENERAL MEDICAL AND SURGICAL HOSPITALS","SOURCE":"https://profiles.health.ny.gov/hospital/county_or_region/","SOURCEDATE":1597795200000,"VAL_METHOD":"IMAGERY/OTHER","VAL_DATE":1649289600000,"WEBSITE":"http://www.hudsonvalley.va.gov/","STATE_ID":"NOT AVAILABLE","ALT_NAME":"NOT AVAILABLE","ST_FIPS":"36","OWNER":"GOVERNMENT - FEDERAL","TTL_STAFF":-999,"BEDS":-999,"TRAUMA":"NOT AVAILABLE","HELIPAD":"N"}},{"type":"Feature","id":7523,"geometry":{"type":"Point","coordinates":[-90.4933190099999,44.00308068]},"properties":{"FID":7523,"OBJECTID":7137,"ID":"0015954660","NAME":"TOMAH VA MEDICAL CENTER","ADDRESS":"500 EAST VETERANS STREET","CITY":"TOMAH","STATE":"WI","ZIP":"54660","ZIP4":"NOT AVAILABLE","TELEPHONE":"(608) 372-3971","TYPE":"MILITARY","STATUS":"OPEN","POPULATION":-999,"COUNTY":"MONROE","COUNTYFIPS":"55081","COUNTRY":"USA","LATITUDE":44.00308068,"LONGITUDE":-90.49331901,"NAICS_CODE":"622110","NAICS_DESC":"GENERAL MEDICAL AND SURGICAL HOSPITALS","SOURCE":"https://www.dhs.wisconsin.gov/guide/hospitaldirexcel.xlsx","SOURCEDATE":1630540800000,"VAL_METHOD":"IMAGERY/OTHER","VAL_DATE":1432857600000,"WEBSITE":"NOT AVAILABLE","STATE_ID":"HSPLACU207","ALT_NAME":"NOT AVAILABLE","ST_FIPS":"55","OWNER":"GOVERNMENT - FEDERAL","TTL_STAFF":-999,"BEDS":-999,"TRAUMA":"NOT AVAILABLE","HELIPAD":"Y"}},{"type":"Feature","id":7530,"geometry":{"type":"Point","coordinates":[-72.74061649,41.7016855900001]},"properties":{"FID":7530,"OBJECTID":7947,"ID":"0003606111","NAME":"VA MEDICAL CENTER - NEWINGTON CAMPUS","ADDRESS":"555 WILLARD AVE","CITY":"NEWINGTON","STATE":"CT","ZIP":"06111","ZIP4":"NOT AVAILABLE","TELEPHONE":"NOT AVAILABLE","TYPE":"MILITARY","STATUS":"OPEN","POPULATION":-999,"COUNTY":"HARTFORD","COUNTYFIPS":"09003","COUNTRY":"USA","LATITUDE":41.70168559,"LONGITUDE":-72.74061649,"NAICS_CODE":"622110","NAICS_DESC":"GENERAL MEDICAL AND SURGICAL HOSPITALS","SOURCE":"https://www.va.gov/directory/guide/allstate.asp","SOURCEDATE":1600992000000,"VAL_METHOD":"IMAGERY/OTHER","VAL_DATE":1649289600000,"WEBSITE":"http://www.connecticut.va.gov/","STATE_ID":"NOT AVAILABLE","ALT_NAME":"NOT AVAILABLE","ST_FIPS":"09","OWNER":"GOVERNMENT - FEDERAL","TTL_STAFF":-999,"BEDS":-999,"TRAUMA":"NOT AVAILABLE","HELIPAD":"N"}},{"type":"Feature","id":7533,"geometry":{"type":"Point","coordinates":[-86.3806145,35.9143078000001]},"properties":{"FID":7533,"OBJECTID":7948,"ID":"0013337129","NAME":"VA MEDICAL CENTER - ALVIN C. YORK CAMPUS","ADDRESS":"3400 LEBANON PIKE","CITY":"MURFREESBORO","STATE":"TN","ZIP":"37129","ZIP4":"NOT AVAILABLE","TELEPHONE":"(615) 867-6000","TYPE":"MILITARY","STATUS":"OPEN","POPULATION":-999,"COUNTY":"RUTHERFORD","COUNTYFIPS":"47149","COUNTRY":"USA","LATITUDE":35.9143078,"LONGITUDE":-86.3806145,"NAICS_CODE":"622110","NAICS_DESC":"GENERAL MEDICAL AND SURGICAL HOSPITALS","SOURCE":"https://www.va.gov/directory/guide/allstate.asp","SOURCEDATE":1600992000000,"VAL_METHOD":"IMAGERY/OTHER","VAL_DATE":1649289600000,"WEBSITE":"http://www.tennesseevalley.va.gov/","STATE_ID":"NOT AVAILABLE","ALT_NAME":"NOT AVAILABLE","ST_FIPS":"47","OWNER":"GOVERNMENT - FEDERAL","TTL_STAFF":-999,"BEDS":-999,"TRAUMA":"NOT AVAILABLE","HELIPAD":"Y"}},{"type":"Feature","id":7605,"geometry":{"type":"Point","coordinates":[144.7366118,13.4752103000001]},"properties":{"FID":7605,"OBJECTID":7973,"ID":"0182096919","NAME":"NAVAL HOSPITAL GUAM","ADDRESS":"FARENHOLT AVE., BLDG 50","CITY":"AGANA HEIGHTS","STATE":"GU","ZIP":"96919","ZIP4":"NOT AVAILABLE","TELEPHONE":"(671) 344-9242","TYPE":"MILITARY","STATUS":"OPEN","POPULATION":-999,"COUNTY":"GUAM","COUNTYFIPS":"66010","COUNTRY":"GUM","LATITUDE":13.4752103,"LONGITUDE":144.7366118,"NAICS_CODE":"622110","NAICS_DESC":"GENERAL MEDICAL AND SURGICAL HOSPITALS","SOURCE":"http://www.tricare.mil/mtf","SOURCEDATE":1601078400000,"VAL_METHOD":"IMAGERY/OTHER","VAL_DATE":1649289600000,"WEBSITE":"NOT AVAILABLE","STATE_ID":"NOT AVAILABLE","ALT_NAME":"NOT AVAILABLE","ST_FIPS":"66","OWNER":"GOVERNMENT - FEDERAL","TTL_STAFF":-999,"BEDS":-999,"TRAUMA":"NOT AVAILABLE","HELIPAD":"Y"}},{"type":"Feature","id":7608,"geometry":{"type":"Point","coordinates":[-85.9414374999999,37.9003532]},"properties":{"FID":7608,"OBJECTID":7974,"ID":"0181840121","NAME":"IRELAND ARMY COMMUNITY HOSPITAL","ADDRESS":"289 IRELAND AVE.","CITY":"FORT KNOX","STATE":"KY","ZIP":"40121","ZIP4":"NOT AVAILABLE","TELEPHONE":"(502) 624-9333","TYPE":"MILITARY","STATUS":"OPEN","POPULATION":-999,"COUNTY":"HARDIN","COUNTYFIPS":"21093","COUNTRY":"USA","LATITUDE":37.9003532,"LONGITUDE":-85.9414375,"NAICS_CODE":"622110","NAICS_DESC":"GENERAL MEDICAL AND SURGICAL HOSPITALS","SOURCE":"http://www.tricare.mil/mtf","SOURCEDATE":1617235200000,"VAL_METHOD":"IMAGERY/OTHER","VAL_DATE":1649289600000,"WEBSITE":"NOT AVAILABLE","STATE_ID":"NOT AVAILABLE","ALT_NAME":"NOT AVAILABLE","ST_FIPS":"21","OWNER":"GOVERNMENT - FEDERAL","TTL_STAFF":-999,"BEDS":-999,"TRAUMA":"NOT AVAILABLE","HELIPAD":"N"}},{"type":"Feature","id":7632,"geometry":{"type":"Point","coordinates":[-80.21672492,25.7912225200001]},"properties":{"FID":7632,"OBJECTID":7983,"ID":"0026733125","NAME":"MIAMI VA HEALTHCARE SYSTEM","ADDRESS":"1201 NW 16TH STREET","CITY":"MIAMI","STATE":"FL","ZIP":"33125","ZIP4":"NOT AVAILABLE","TELEPHONE":"(888) 276-1785","TYPE":"MILITARY","STATUS":"OPEN","POPULATION":281,"COUNTY":"MIAMI-DADE","COUNTYFIPS":"12086","COUNTRY":"USA","LATITUDE":25.79122252,"LONGITUDE":-80.21672492,"NAICS_CODE":"622110","NAICS_DESC":"GENERAL MEDICAL AND SURGICAL HOSPITALS","SOURCE":"http://www.floridahealthfinder.gov/facilitylocator/facilitysearch.aspx","SOURCEDATE":1597363200000,"VAL_METHOD":"IMAGERY","VAL_DATE":1649289600000,"WEBSITE":"http://www.miami.va.gov/","STATE_ID":"235300","ALT_NAME":"NOT AVAILABLE","ST_FIPS":"12","OWNER":"GOVERNMENT - FEDERAL","TTL_STAFF":-999,"BEDS":281,"TRAUMA":"NOT AVAILABLE","HELIPAD":"N"}},{"type":"Feature","id":7780,"geometry":{"type":"Point","coordinates":[-71.2744,42.5047000000001]},"properties":{"FID":7780,"OBJECTID":7215,"ID":"0008401730","NAME":"EDITH NOURSE ROGERS MEMORIAL VETERANS HOSPITAL","ADDRESS":"200 SPRINGS ROAD","CITY":"BEDFORD","STATE":"MA","ZIP":"01730","ZIP4":"NOT AVAILABLE","TELEPHONE":"NOT AVAILABLE","TYPE":"MILITARY","STATUS":"OPEN","POPULATION":147,"COUNTY":"MIDDLESEX","COUNTYFIPS":"25017","COUNTRY":"USA","LATITUDE":42.5047,"LONGITUDE":-71.2744,"NAICS_CODE":"622110","NAICS_DESC":"GENERAL MEDICAL AND SURGICAL HOSPITALS","SOURCE":"http://www.mass.gov/eohhs/gov/departments/dph/programs/hcq/healthcare-quality/","SOURCEDATE":1597449600000,"VAL_METHOD":"IMAGERY/OTHER","VAL_DATE":1649289600000,"WEBSITE":"http://www.bedford.va.gov/","STATE_ID":"NOT AVAILABLE","ALT_NAME":"BEDFORD VA","ST_FIPS":"25","OWNER":"GOVERNMENT - FEDERAL","TTL_STAFF":-999,"BEDS":147,"TRAUMA":"NOT AVAILABLE","HELIPAD":"N"}},{"type":"Feature","id":7815,"geometry":{"type":"Point","coordinates":[-77.26861401,42.9010050900001]},"properties":{"FID":7815,"OBJECTID":7226,"ID":"0010314424","NAME":"VA MEDICAL CENTER - CANANDAIGUA","ADDRESS":"400 FORT HILL AVE","CITY":"CANANDAIGUA","STATE":"NY","ZIP":"14424","ZIP4":"NOT AVAILABLE","TELEPHONE":"NOT AVAILABLE","TYPE":"MILITARY","STATUS":"OPEN","POPULATION":-999,"COUNTY":"ONTARIO","COUNTYFIPS":"36069","COUNTRY":"USA","LATITUDE":42.90100509,"LONGITUDE":-77.26861401,"NAICS_CODE":"622110","NAICS_DESC":"GENERAL MEDICAL AND SURGICAL HOSPITALS","SOURCE":"https://profiles.health.ny.gov/hospital/county_or_region/","SOURCEDATE":1597795200000,"VAL_METHOD":"IMAGERY/OTHER","VAL_DATE":1649289600000,"WEBSITE":"http://www.canandaigua.va.gov/","STATE_ID":"NOT AVAILABLE","ALT_NAME":"NOT AVAILABLE","ST_FIPS":"36","OWNER":"GOVERNMENT - FEDERAL","TTL_STAFF":-999,"BEDS":-999,"TRAUMA":"NOT AVAILABLE","HELIPAD":"N"}},{"type":"Feature","id":7871,"geometry":{"type":"Point","coordinates":[-82.35733765,28.07039609]},"properties":{"FID":7871,"OBJECTID":8063,"ID":"0004133637","NAME":"JAMES A. HALEY VETERANS' HOSPITAL PRIMARY CARE ANNEX","ADDRESS":"13515 LAKE TERRACE LANE","CITY":"TAMPA","STATE":"FL","ZIP":"33637","ZIP4":"NOT AVAILABLE","TELEPHONE":"(813) 998-8000","TYPE":"MILITARY","STATUS":"OPEN","POPULATION":53,"COUNTY":"HILLSBOROUGH","COUNTYFIPS":"12057","COUNTRY":"USA","LATITUDE":28.07039609,"LONGITUDE":-82.35733765,"NAICS_CODE":"622110","NAICS_DESC":"GENERAL MEDICAL AND SURGICAL HOSPITALS","SOURCE":"https://www.va.gov/directory/guide/allstate.asp","SOURCEDATE":1600992000000,"VAL_METHOD":"IMAGERY/OTHER","VAL_DATE":1649289600000,"WEBSITE":"http://www.va.gov/directory/guide/facility.asp?id=6374&dnum=1","STATE_ID":"NOT AVAILABLE","ALT_NAME":"NOT AVAILABLE","ST_FIPS":"12","OWNER":"GOVERNMENT - FEDERAL","TTL_STAFF":-999,"BEDS":53,"TRAUMA":"NOT AVAILABLE","HELIPAD":"N"}},{"type":"Feature","id":7906,"geometry":{"type":"Point","coordinates":[-101.47276951,32.23103861]},"properties":{"FID":7906,"OBJECTID":7256,"ID":"0014279720","NAME":"GEORGE H. O'BRIEN, JR. VA MEDICAL CENTER","ADDRESS":"300 VETERANS BLVD","CITY":"BIG SPRING","STATE":"TX","ZIP":"79720","ZIP4":"NOT AVAILABLE","TELEPHONE":"(432) 263-7361","TYPE":"MILITARY","STATUS":"OPEN","POPULATION":-999,"COUNTY":"HOWARD","COUNTYFIPS":"48227","COUNTRY":"USA","LATITUDE":32.23103861,"LONGITUDE":-101.47276951,"NAICS_CODE":"622110","NAICS_DESC":"GENERAL MEDICAL AND SURGICAL HOSPITALS","SOURCE":"https://www.va.gov/directory/guide/allstate.asp","SOURCEDATE":1600992000000,"VAL_METHOD":"IMAGERY/OTHER","VAL_DATE":1649289600000,"WEBSITE":"http://www.bigspring.va.gov/","STATE_ID":"NOT AVAILABLE","ALT_NAME":"NOT AVAILABLE","ST_FIPS":"48","OWNER":"GOVERNMENT - FEDERAL","TTL_STAFF":-999,"BEDS":-999,"TRAUMA":"NOT AVAILABLE","HELIPAD":"Y"}},{"type":"Feature","id":7912,"geometry":{"type":"Point","coordinates":[-97.66727696,26.1710421500001]},"properties":{"FID":7912,"OBJECTID":7258,"ID":"0015878550","NAME":"VA HEALTH CARE CENTER (HCC) AT HARLINGEN","ADDRESS":"2601 VETERANS DR","CITY":"HARLINGEN","STATE":"TX","ZIP":"78550","ZIP4":"NOT AVAILABLE","TELEPHONE":"(956) 291-9000","TYPE":"MILITARY","STATUS":"OPEN","POPULATION":-999,"COUNTY":"CAMERON","COUNTYFIPS":"48061","COUNTRY":"USA","LATITUDE":26.17104215,"LONGITUDE":-97.66727696,"NAICS_CODE":"622110","NAICS_DESC":"GENERAL MEDICAL AND SURGICAL HOSPITALS","SOURCE":"https://www.va.gov/directory/guide/allstate.asp","SOURCEDATE":1600992000000,"VAL_METHOD":"IMAGERY/OTHER","VAL_DATE":1649289600000,"WEBSITE":"http://www.texasvalley.va.gov/","STATE_ID":"NOT AVAILABLE","ALT_NAME":"NOT AVAILABLE","ST_FIPS":"48","OWNER":"GOVERNMENT - FEDERAL","TTL_STAFF":-999,"BEDS":-999,"TRAUMA":"NOT AVAILABLE","HELIPAD":"N"}}]}